learner_id,readiness_high,barrier_flag,baseline_band,offer,skill_gain,engagement_week4
L0001,0,0,-0.5,1,-1.245551,6.851967
L0002,0,0,-0.5,0,-3.097933,0.953787
L0003,0,0,-0.5,0,0.389508,3.090833
L0004,0,0,-0.5,0,-1.469471,3.797742
L0005,0,0,-0.5,1,2.181471,6.717313
L0006,0,0,-0.5,1,-0.685061,5.450666
L0007,0,0,-0.5,0,-2.575849,4.727693
L0008,0,0,-0.5,1,1.075807,4.912974
L0009,0,0,-0.5,0,2.828503,2.402544
L0010,0,0,-0.5,1,-0.168743,4.694745
L0011,0,0,-0.5,0,3.569042,4.822690
L0012,0,0,-0.5,1,-0.905780,4.946856
L0013,0,0,-0.5,0,2.154980,4.042047
L0014,0,0,-0.5,0,2.476738,4.351569
L0015,0,0,-0.5,0,1.764835,3.922781
L0016,0,0,-0.5,0,1.508357,4.170560
L0017,0,0,-0.5,0,-1.017138,3.206754
L0018,0,0,-0.5,0,1.326469,4.047853
L0019,0,0,-0.5,1,-1.618062,5.213152
L0020,0,0,-0.5,0,-0.178094,2.600376
L0022,0,0,-0.5,1,-0.736658,3.508459
L0023,0,0,-0.5,0,2.498557,4.088499
L0025,0,0,-0.5,0,-1.017834,3.449225
L0026,0,0,-0.5,0,-0.046234,2.323389
L0027,0,0,-0.5,0,3.668037,2.839306
L0029,0,0,-0.5,1,0.218154,7.503874
L0030,0,0,-0.5,0,-2.415354,2.724460
L0031,0,0,-0.5,0,-1.911214,5.893450
L0032,0,0,-0.5,0,1.484792,1.844943
L0034,0,0,-0.5,0,0.653859,4.579522
L0037,0,0,-0.5,1,-0.409982,6.835127
L0038,0,0,-0.5,1,-1.802393,4.953643
L0041,0,0,-0.5,0,0.121093,2.450603
L0042,0,0,-0.5,1,-4.015629,5.794708
L0043,0,0,-0.5,1,0.666502,4.484576
L0044,0,0,-0.5,0,1.812605,2.754769
L0047,0,0,-0.5,1,-0.985083,5.728946
L0048,0,0,-0.5,1,-1.447186,7.010547
L0049,0,0,-0.5,0,3.007140,2.541837
L0050,0,0,-0.5,1,-0.404172,6.830277
L0052,0,0,-0.5,0,-0.823080,4.834576
L0053,0,0,-0.5,1,-2.462449,4.170771
L0055,0,0,-0.5,1,-0.503111,5.459455
L0056,0,0,-0.5,0,1.783585,5.206155
L0057,0,0,-0.5,0,1.392100,5.320224
L0058,0,0,-0.5,1,-1.658053,7.370758
L0060,0,0,-0.5,1,-2.172294,6.879916
L0061,0,0,-0.5,0,1.326784,2.771400
L0062,0,0,-0.5,1,0.575555,6.191225
L0063,0,0,-0.5,1,-1.524791,5.320458
L0064,0,0,-0.5,1,-3.033754,5.888441
L0065,0,0,-0.5,0,-1.188611,3.814599
L0066,0,0,-0.5,0,6.040719,4.452962
L0068,0,0,-0.5,1,-3.338057,4.167968
L0069,0,0,-0.5,1,-0.268379,4.800142
L0070,0,0,-0.5,0,5.623754,2.631982
L0071,0,0,-0.5,1,0.870166,6.748546
L0072,0,0,-0.5,1,1.413655,5.203208
L0073,0,0,-0.5,0,4.200418,3.454642
L0075,0,0,-0.5,1,-3.569349,5.490918
L0076,0,0,-0.5,0,0.745783,4.111371
L0077,0,0,-0.5,1,-3.387708,5.818277
L0078,0,0,-0.5,1,2.640933,5.812245
L0080,0,0,-0.5,1,1.531441,5.302148
L0082,0,0,-0.5,0,-3.775186,2.386707
L0084,0,0,-0.5,1,1.954145,4.545302
L0086,0,0,-0.5,1,-0.554027,4.386388
L0088,0,0,-0.5,0,0.957157,2.498106
L0089,0,0,-0.5,0,-0.828960,3.980841
L0090,0,0,-0.5,0,1.922223,4.047730
L0092,0,0,-0.5,1,-0.790352,6.110360
L0093,0,0,-0.5,1,0.492920,6.091829
L0094,0,0,-0.5,1,2.399046,5.315962
L0095,0,0,-0.5,1,-3.779386,6.805922
L0096,0,0,-0.5,1,3.001308,4.751128
L0097,0,0,-0.5,1,-3.167009,4.021202
L0098,0,0,-0.5,1,-2.835267,4.882234
L0099,0,0,-0.5,1,-1.338662,4.732383
L0101,0,0,-0.5,1,-3.886917,4.877822
L0105,0,0,-0.5,1,-3.243444,5.591598
L0107,0,0,-0.5,0,0.557819,2.745631
L0108,0,0,-0.5,0,1.688563,2.191682
L0110,0,0,-0.5,1,-1.239791,5.753318
L0111,0,0,-0.5,0,1.454382,2.600897
L0112,0,0,-0.5,1,-2.130740,5.742653
L0115,0,0,-0.5,1,-3.519774,5.899481
L0116,0,0,-0.5,0,0.314969,2.398629
L0117,0,0,-0.5,0,-1.161043,2.685430
L0118,0,0,-0.5,0,3.001085,4.130183
L0119,0,0,-0.5,1,-0.517458,7.467962
L0121,0,0,-0.5,0,-2.212222,4.044012
L0122,0,0,-0.5,0,-1.014368,2.647988
L0123,0,0,-0.5,1,-1.428473,3.935492
L0124,0,0,-0.5,0,-0.983986,4.203776
L0125,0,0,-0.5,0,0.266790,3.255913
L0126,0,0,-0.5,1,-3.231616,7.701410
L0128,0,0,-0.5,0,-0.943813,3.276112
L0131,0,0,-0.5,0,1.524939,4.252978
L0132,0,0,-0.5,0,0.194198,2.378870
L0133,0,0,-0.5,0,0.981431,3.482083
L0134,0,0,-0.5,0,2.670105,2.911630
L0135,0,0,-0.5,1,0.434246,5.682886
L0137,0,0,-0.5,1,-1.621222,6.795874
L0141,0,0,-0.5,0,1.992496,2.689566
L0142,0,0,-0.5,1,-0.372658,4.236164
L0143,0,0,-0.5,1,-1.974064,5.670163
L0144,0,0,-0.5,1,0.118280,5.309930
L0145,0,0,-0.5,1,0.679393,5.063580
L0147,0,0,-0.5,1,0.813210,5.850548
L0148,0,0,-0.5,1,-3.125590,5.702998
L0149,0,0,-0.5,1,-0.406948,6.395072
L0151,0,0,-0.5,1,-2.558736,4.988128
L0152,0,0,-0.5,1,-2.365750,6.668930
L0154,0,0,-0.5,0,3.088458,4.311044
L0155,0,0,-0.5,0,1.310806,3.144620
L0156,0,0,-0.5,0,2.234821,4.785321
L0158,0,0,-0.5,1,-3.934857,4.400851
L0162,0,0,-0.5,0,0.941285,1.892615
L0163,0,0,-0.5,0,1.191611,4.678162
L0166,0,0,-0.5,0,-0.937895,2.460514
L0167,0,0,-0.5,1,0.182604,4.869575
L0168,0,0,-0.5,0,2.414209,4.940876
L0169,0,0,-0.5,1,-0.794578,5.372466
L0170,0,0,-0.5,0,-0.103321,2.969792
L0171,0,0,-0.5,0,-1.439267,4.642883
L0172,0,0,-0.5,1,3.705974,4.878539
L0173,0,0,-0.5,1,-4.563129,3.878267
L0176,0,0,-0.5,1,-0.485968,7.421531
L0177,0,0,-0.5,1,-1.867002,7.595612
L0178,0,0,-0.5,1,-2.452885,5.702197
L0179,0,0,-0.5,1,-3.384612,5.139300
L0180,0,0,-0.5,1,0.625418,4.569170
L0181,0,0,-0.5,1,-2.115668,5.448202
L0182,0,0,-0.5,1,-0.149994,5.480027
L0183,0,0,-0.5,1,-2.850800,2.898812
L0184,0,0,-0.5,1,-1.911059,3.353264
L0185,0,0,-0.5,0,1.444947,3.315479
L0187,0,0,-0.5,1,-3.146879,5.337957
L0188,0,0,-0.5,0,-1.694852,3.524315
L0189,0,0,-0.5,0,-0.968034,3.657264
L0190,0,0,-0.5,1,-2.633317,5.110402
L0191,0,0,-0.5,0,0.057040,4.476406
L0192,0,0,-0.5,0,-2.391346,5.200539
L0193,0,0,-0.5,1,-5.031685,6.686094
L0195,0,0,-0.5,0,4.232624,1.490766
L0196,0,0,-0.5,1,-0.968610,5.991214
L0198,0,0,-0.5,1,-0.958990,5.401067
L0199,0,0,-0.5,1,-3.135068,5.876068
L0201,0,0,-0.5,1,1.119638,4.630771
L0202,0,0,-0.5,0,0.816073,2.178405
L0203,0,0,-0.5,1,-2.479275,4.594556
L0206,0,0,-0.5,1,-2.736887,5.425909
L0208,0,0,-0.5,0,4.516547,2.833268
L0210,0,0,-0.5,0,3.734346,4.046216
L0211,0,0,-0.5,0,1.559054,3.020239
L0213,0,0,-0.5,1,-2.178921,5.504138
L0215,0,0,-0.5,0,4.874964,5.712048
L0216,0,0,-0.5,0,-1.442351,3.643547
L0217,0,0,-0.5,0,4.655970,4.257035
L0218,0,0,-0.5,1,-2.426796,4.815911
L0219,0,0,-0.5,1,-2.654013,4.537435
L0220,0,0,-0.5,0,-0.130852,2.140994
L0223,0,0,-0.5,0,-0.782922,3.370654
L0224,0,0,-0.5,0,2.128451,1.455722
L0225,0,0,-0.5,0,-0.266153,2.838441
L0226,0,0,-0.5,1,0.251880,5.470955
L0228,0,0,-0.5,0,0.445973,3.021993
L0229,0,0,-0.5,1,-1.409017,4.495919
L0230,0,0,-0.5,1,-1.387562,3.895833
L0232,0,0,-0.5,0,1.711568,3.097716
L0233,0,0,-0.5,1,-2.149173,5.553489
L0235,0,0,-0.5,1,-3.380117,6.897849
L0237,0,0,-0.5,0,0.893838,4.285018
L0238,0,0,-0.5,1,0.213078,4.882200
L0239,0,0,-0.5,0,2.460348,4.314711
L0240,0,0,-0.5,0,1.802254,2.609976
L0241,0,0,-0.5,1,-1.319929,4.557071
L0242,0,0,-0.5,0,-0.388133,2.698592
L0244,0,0,-0.5,1,-3.553074,6.875477
L0245,0,0,-0.5,1,-3.105483,7.239006
L0246,0,0,-0.5,0,-1.602984,3.576646
L0247,0,0,-0.5,1,-0.902664,6.953107
L0248,0,0,-0.5,0,3.869240,3.936353
L0250,0,0,-0.5,0,-2.666514,5.108900
L0251,0,0,-0.5,1,-3.680680,5.268033
L0252,0,0,-0.5,0,-2.842964,3.240934
L0254,0,0,-0.5,1,-3.688985,7.107938
L0255,0,0,-0.5,0,-1.073599,3.508630
L0256,0,0,-0.5,1,-2.794066,7.328913
L0257,0,0,-0.5,0,-2.668021,3.414158
L0258,0,0,-0.5,0,-0.938614,2.900062
L0259,0,0,-0.5,0,-0.947087,1.812903
L0260,0,0,-0.5,0,-2.316868,1.940081
L0261,0,0,-0.5,0,3.374875,3.366328
L0262,0,0,-0.5,0,2.774061,3.188860
L0263,0,0,-0.5,1,-1.971167,4.997216
L0264,0,0,-0.5,1,-1.768773,5.632584
L0266,0,0,-0.5,1,0.295333,5.406803
L0267,0,0,-0.5,1,-1.407692,5.922857
L0268,0,0,-0.5,1,-1.979828,7.138955
L0269,0,0,-0.5,0,1.910663,5.146089
L0270,0,0,-0.5,0,-0.668874,3.143634
L0271,0,0,-0.5,1,-2.922077,5.274372
L0273,0,0,-0.5,1,0.493300,4.972942
L0274,0,0,-0.5,1,-1.818142,6.218345
L0275,0,0,-0.5,0,-1.104544,4.224704
L0279,0,0,-0.5,0,1.786087,2.856091
L0280,0,0,-0.5,1,-0.218023,5.665575
L0281,0,0,-0.5,0,2.933546,2.312278
L0282,0,0,-0.5,1,0.347744,6.920601
L0283,0,0,-0.5,0,-0.040729,3.112257
L0284,0,0,-0.5,0,0.643879,2.278432
L0285,0,0,-0.5,1,3.426459,3.901993
L0286,0,0,-0.5,1,-1.724328,5.610033
L0287,0,0,-0.5,0,0.110182,3.747545
L0288,0,0,-0.5,1,-5.999977,5.492226
L0289,0,0,-0.5,0,2.375570,1.747650
L0290,0,0,-0.5,0,0.414551,3.303256
L0292,0,0,-0.5,0,-0.190169,3.649492
L0293,0,0,-0.5,0,0.167093,3.632536
L0295,0,0,-0.5,1,2.318835,5.172015
L0296,0,0,-0.5,1,1.158667,3.395375
L0298,0,0,-0.5,1,-3.077397,5.167553
L0299,0,0,-0.5,1,-4.861508,5.339445
L0300,0,0,-0.5,0,-0.231153,3.217265
L0301,0,0,0.5,0,2.401761,5.048329
L0302,0,0,0.5,1,-1.759412,6.146689
L0303,0,0,0.5,1,3.246704,5.639491
L0304,0,0,0.5,1,4.684663,6.332764
L0307,0,0,0.5,0,-1.087406,5.280130
L0309,0,0,0.5,0,2.655765,5.237720
L0311,0,0,0.5,1,0.351401,7.306910
L0312,0,0,0.5,0,2.878149,3.791930
L0315,0,0,0.5,0,0.516520,4.623599
L0316,0,0,0.5,1,3.423244,5.569668
L0317,0,0,0.5,0,0.334233,4.946797
L0318,0,0,0.5,1,0.433997,6.783916
L0319,0,0,0.5,0,1.121860,4.408702
L0320,0,0,0.5,1,-1.152516,6.302482
L0321,0,0,0.5,0,-0.096607,5.905889
L0323,0,0,0.5,0,0.296774,3.368678
L0324,0,0,0.5,0,3.873674,3.822509
L0325,0,0,0.5,0,1.838467,4.991030
L0326,0,0,0.5,0,0.516946,2.841188
L0327,0,0,0.5,0,1.272101,4.806920
L0332,0,0,0.5,1,-1.394989,6.854168
L0333,0,0,0.5,0,5.311422,5.148313
L0334,0,0,0.5,0,0.781399,5.667704
L0335,0,0,0.5,1,1.004853,7.884570
L0336,0,0,0.5,0,0.308781,5.638363
L0337,0,0,0.5,0,3.613412,4.306397
L0338,0,0,0.5,1,2.323970,6.789316
L0339,0,0,0.5,1,-0.580882,6.390038
L0340,0,0,0.5,0,-1.035468,3.526988
L0342,0,0,0.5,1,-2.035465,5.953691
L0343,0,0,0.5,1,0.372737,5.607789
L0344,0,0,0.5,0,-0.217440,4.831922
L0345,0,0,0.5,0,2.792473,6.221664
L0347,0,0,0.5,1,0.745576,5.758524
L0348,0,0,0.5,1,2.732780,5.567587
L0349,0,0,0.5,0,-3.396783,3.335948
L0350,0,0,0.5,1,3.180872,7.297643
L0351,0,0,0.5,0,3.335654,4.212317
L0353,0,0,0.5,0,4.051636,5.049224
L0354,0,0,0.5,1,0.329897,7.911272
L0356,0,0,0.5,0,0.007221,5.168056
L0358,0,0,0.5,1,-0.814711,5.608539
L0360,0,0,0.5,0,2.183582,3.406624
L0362,0,0,0.5,1,1.860897,5.923665
L0363,0,0,0.5,0,4.203210,2.994008
L0365,0,0,0.5,1,1.621351,7.960703
L0366,0,0,0.5,0,-0.307952,3.651170
L0367,0,0,0.5,1,-1.731244,7.494194
L0368,0,0,0.5,0,3.886923,4.843689
L0370,0,0,0.5,0,3.013128,3.846175
L0371,0,0,0.5,0,3.458771,4.966031
L0372,0,0,0.5,0,2.630193,3.759581
L0374,0,0,0.5,0,-1.336536,3.327074
L0377,0,0,0.5,0,1.080677,4.381950
L0378,0,0,0.5,0,3.130828,4.759357
L0379,0,0,0.5,1,0.631256,6.174027
L0380,0,0,0.5,1,0.115034,7.277357
L0382,0,0,0.5,1,2.851576,5.912909
L0384,0,0,0.5,0,1.288940,5.612079
L0385,0,0,0.5,1,-1.480683,6.121628
L0386,0,0,0.5,1,0.307889,6.324007
L0387,0,0,0.5,1,-1.773543,6.827574
L0388,0,0,0.5,0,-2.404723,4.212197
L0390,0,0,0.5,1,2.224912,6.955050
L0391,0,0,0.5,1,1.395605,4.140094
L0393,0,0,0.5,0,4.090858,3.432882
L0394,0,0,0.5,1,4.132470,6.042700
L0395,0,0,0.5,0,-1.229775,5.127094
L0398,0,0,0.5,1,2.408834,4.053689
L0399,0,0,0.5,1,0.570785,7.181962
L0401,0,0,0.5,0,2.278726,5.146852
L0402,0,0,0.5,1,0.472647,5.625304
L0403,0,0,0.5,0,-0.071999,5.542366
L0405,0,0,0.5,0,2.050622,2.755255
L0406,0,0,0.5,1,0.396384,7.857001
L0408,0,0,0.5,0,0.415052,4.910310
L0409,0,0,0.5,0,-4.802807,3.661371
L0410,0,0,0.5,0,2.470228,3.234833
L0411,0,0,0.5,1,1.989969,7.599954
L0413,0,0,0.5,1,1.813015,6.752326
L0414,0,0,0.5,0,0.993892,4.692378
L0415,0,0,0.5,0,2.140494,5.808243
L0416,0,0,0.5,1,0.961982,6.297624
L0417,0,0,0.5,0,0.853845,4.702058
L0418,0,0,0.5,1,-0.207739,7.218114
L0420,0,0,0.5,1,3.172148,8.103426
L0421,0,0,0.5,1,6.254341,6.198563
L0422,0,0,0.5,1,0.104300,7.193228
L0423,0,0,0.5,0,3.196004,3.397551
L0426,0,0,0.5,1,0.774296,6.722384
L0428,0,0,0.5,1,-1.554113,5.954707
L0429,0,0,0.5,1,0.561252,7.515432
L0431,0,0,0.5,0,-4.554178,5.911190
L0432,0,0,0.5,1,2.218486,6.374803
L0433,0,0,0.5,0,1.465873,3.791706
L0434,0,0,0.5,0,1.946032,4.471514
L0435,0,0,0.5,0,-0.835180,5.338597
L0436,0,0,0.5,0,3.157608,3.737479
L0437,0,0,0.5,0,2.817803,6.042997
L0438,0,0,0.5,0,-1.461952,4.995228
L0439,0,0,0.5,0,0.257697,5.075974
L0440,0,0,0.5,1,0.726613,7.411106
L0441,0,0,0.5,0,0.011515,3.332691
L0443,0,0,0.5,1,2.741736,5.847683
L0444,0,0,0.5,1,-1.233748,5.461766
L0445,0,0,0.5,1,-0.309695,6.257659
L0447,0,0,0.5,0,-2.769938,4.412104
L0450,0,0,0.5,0,2.668370,3.742028
L0451,0,0,0.5,1,-0.573528,6.361430
L0453,0,0,0.5,0,0.815525,5.138580
L0454,0,0,0.5,0,0.735200,5.008701
L0455,0,0,0.5,1,2.538311,5.555262
L0457,0,0,0.5,1,-0.041495,7.442146
L0458,0,0,0.5,1,0.529432,8.946412
L0459,0,0,0.5,0,1.219202,5.258057
L0460,0,0,0.5,0,3.105797,4.418173
L0462,0,0,0.5,1,-1.222114,7.630698
L0463,0,0,0.5,1,-1.103366,8.207727
L0464,0,0,0.5,0,3.247559,6.179892
L0465,0,0,0.5,1,1.889236,6.392968
L0466,0,0,0.5,0,1.258079,2.832171
L0467,0,0,0.5,1,0.636618,7.815098
L0468,0,0,0.5,1,1.478384,6.630024
L0469,0,0,0.5,0,-0.894165,3.682920
L0470,0,0,0.5,0,2.681073,4.177270
L0472,0,0,0.5,0,-0.374924,3.595236
L0473,0,0,0.5,0,1.035182,3.139571
L0475,0,0,0.5,0,1.608065,4.326197
L0476,0,0,0.5,0,2.616193,2.817869
L0477,0,0,0.5,1,-0.081513,6.590576
L0478,0,0,0.5,1,1.008473,5.752166
L0479,0,0,0.5,1,-0.160673,6.484683
L0480,0,0,0.5,0,1.341135,4.865899
L0481,0,0,0.5,0,2.116126,5.152017
L0483,0,0,0.5,1,-0.006196,7.000673
L0484,0,0,0.5,1,0.722452,5.949433
L0485,0,0,0.5,0,2.438393,5.780649
L0488,0,0,0.5,0,1.758551,6.238588
L0489,0,0,0.5,0,1.838891,2.847386
L0490,0,0,0.5,1,1.275844,6.097021
L0491,0,0,0.5,0,-0.466942,4.291055
L0492,0,0,0.5,0,0.224469,5.913462
L0493,0,0,0.5,1,-1.861725,6.577471
L0495,0,0,0.5,1,-1.948642,6.423836
L0496,0,0,0.5,1,0.103260,6.401826
L0498,0,0,0.5,0,-2.050305,4.844332
L0499,0,0,0.5,1,0.320032,6.255859
L0500,0,0,0.5,1,4.253663,5.212363
L0503,0,0,0.5,0,2.345474,5.100977
L0504,0,0,0.5,0,1.794253,4.950831
L0510,0,0,0.5,0,0.763156,6.265406
L0512,0,0,0.5,0,2.690096,4.112804
L0513,0,0,0.5,1,0.013173,6.106493
L0514,0,0,0.5,0,2.361022,5.704264
L0515,0,0,0.5,0,-0.024358,4.653770
L0516,0,0,0.5,0,3.691062,4.190976
L0517,0,0,0.5,0,4.587867,4.809421
L0518,0,0,0.5,0,-0.046338,3.815866
L0519,0,0,0.5,1,3.484394,6.764109
L0520,0,0,0.5,0,3.362539,2.826495
L0521,0,0,0.5,1,0.814857,6.377898
L0522,0,0,0.5,0,3.100401,4.927090
L0523,0,0,0.5,0,-0.778529,5.400118
L0524,0,0,0.5,1,1.850885,6.903411
L0525,0,0,0.5,1,0.288419,7.831967
L0526,0,0,0.5,0,0.676971,3.099618
L0527,0,0,0.5,0,1.731569,4.216615
L0528,0,0,0.5,1,3.078632,7.520318
L0529,0,0,0.5,1,3.828163,7.041989
L0530,0,0,0.5,1,3.280268,6.861815
L0532,0,0,0.5,0,4.131619,4.021535
L0533,0,0,0.5,1,1.420159,7.510524
L0534,0,0,0.5,0,0.388135,3.791660
L0535,0,0,0.5,0,0.552782,5.120985
L0536,0,0,0.5,1,0.204085,7.229526
L0537,0,0,0.5,1,1.485343,6.379638
L0538,0,0,0.5,0,2.206277,3.895574
L0539,0,0,0.5,1,-1.389439,5.579673
L0540,0,0,0.5,1,2.008513,6.895410
L0541,0,0,0.5,0,3.486825,4.078757
L0543,0,0,0.5,0,-1.248567,3.102050
L0544,0,0,0.5,0,2.620721,5.546002
L0545,0,0,0.5,1,-1.054448,5.882979
L0547,0,0,0.5,0,0.689545,3.873432
L0549,0,0,0.5,1,3.674164,7.640925
L0550,0,0,0.5,0,5.361104,3.381679
L0551,0,0,0.5,1,1.576858,6.157512
L0554,0,0,0.5,0,0.688307,2.297611
L0555,0,0,0.5,0,0.962716,3.602944
L0557,0,0,0.5,0,1.888014,4.613002
L0558,0,0,0.5,1,0.997073,7.057651
L0559,0,0,0.5,0,-1.396760,3.908318
L0560,0,0,0.5,1,-0.315297,6.347456
L0561,0,0,0.5,1,0.349489,6.979087
L0562,0,0,0.5,1,0.549340,3.401475
L0563,0,0,0.5,0,0.460183,6.052364
L0564,0,0,0.5,0,3.171498,4.749392
L0565,0,0,0.5,1,-1.641336,3.792602
L0566,0,0,0.5,0,1.874354,5.077732
L0570,0,0,0.5,1,3.763566,6.056103
L0571,0,0,0.5,1,0.069749,5.647196
L0572,0,0,0.5,1,-0.183332,6.508654
L0573,0,0,0.5,0,1.130663,3.361307
L0574,0,0,0.5,1,-0.856047,7.512858
L0575,0,0,0.5,1,-1.235638,5.638037
L0577,0,0,0.5,1,2.031268,8.067043
L0579,0,0,0.5,0,-1.368156,4.729182
L0580,0,0,0.5,1,0.563829,5.498396
L0582,0,0,0.5,0,2.427779,3.770663
L0583,0,0,0.5,0,0.996982,3.556908
L0584,0,0,0.5,1,3.005377,6.861459
L0585,0,0,0.5,1,2.211947,6.471666
L0586,0,0,0.5,0,3.303012,4.633584
L0587,0,0,0.5,0,3.657952,3.633348
L0588,0,0,0.5,1,0.545234,6.164792
L0589,0,0,0.5,0,-0.814930,3.874191
L0590,0,0,0.5,0,2.613414,4.763481
L0591,0,0,0.5,1,1.624527,7.104958
L0592,0,0,0.5,1,0.526593,6.510080
L0593,0,0,0.5,1,2.849340,7.137800
L0594,0,0,0.5,1,-2.716404,5.319073
L0595,0,0,0.5,0,0.894683,4.992590
L0597,0,0,0.5,1,1.189735,7.128272
L0598,0,0,0.5,1,2.463071,7.674195
L0600,0,0,0.5,0,4.996971,4.144126
L0601,0,1,-0.5,0,0.294935,3.539697
L0602,0,1,-0.5,1,-1.365281,4.681293
L0603,0,1,-0.5,0,2.318934,4.607947
L0604,0,1,-0.5,0,-3.995675,3.457939
L0605,0,1,-0.5,0,1.266007,3.244546
L0606,0,1,-0.5,0,0.449545,1.989147
L0607,0,1,-0.5,1,-1.912901,5.642616
L0608,0,1,-0.5,0,-1.648557,2.051364
L0609,0,1,-0.5,0,2.581975,2.369018
L0610,0,1,-0.5,0,-1.043619,2.215957
L0611,0,1,-0.5,1,3.105512,4.526092
L0612,0,1,-0.5,0,-2.891107,3.327578
L0614,0,1,-0.5,1,0.115980,3.695164
L0615,0,1,-0.5,1,0.409421,5.841284
L0616,0,1,-0.5,0,-1.324395,4.537128
L0618,0,1,-0.5,1,0.875043,4.704544
L0621,0,1,-0.5,0,1.134201,1.516627
L0622,0,1,-0.5,0,1.237669,3.152419
L0623,0,1,-0.5,1,1.888557,6.847348
L0624,0,1,-0.5,1,0.786538,4.935144
L0626,0,1,-0.5,0,-1.176635,4.895369
L0627,0,1,-0.5,0,1.147216,1.487433
L0628,0,1,-0.5,1,2.687444,6.190794
L0630,0,1,-0.5,1,-0.577837,5.134310
L0632,0,1,-0.5,1,-1.871899,5.016078
L0633,0,1,-0.5,1,1.127111,4.182953
L0634,0,1,-0.5,1,-1.337408,4.950259
L0635,0,1,-0.5,1,-4.162139,5.047386
L0637,0,1,-0.5,1,-0.752933,4.485229
L0638,0,1,-0.5,0,1.436717,2.287296
L0639,0,1,-0.5,1,1.166863,6.918040
L0640,0,1,-0.5,1,0.674511,5.572371
L0642,0,1,-0.5,1,-1.540337,3.913677
L0643,0,1,-0.5,0,-1.454408,1.643664
L0644,0,1,-0.5,1,-0.390404,5.063793
L0645,0,1,-0.5,1,-3.490369,4.954987
L0646,0,1,-0.5,0,-0.218508,4.817590
L0647,0,1,-0.5,0,0.490973,3.090458
L0648,0,1,-0.5,0,0.624703,1.875581
L0650,0,1,-0.5,1,-0.821603,4.373555
L0651,0,1,-0.5,1,-0.230499,4.297393
L0654,0,1,-0.5,0,3.153201,3.215287
L0655,0,1,-0.5,1,-1.255638,5.368427
L0656,0,1,-0.5,1,2.264510,5.897671
L0657,0,1,-0.5,0,0.215662,3.361342
L0658,0,1,-0.5,1,0.748885,5.153295
L0659,0,1,-0.5,0,-1.770701,4.430433
L0662,0,1,-0.5,0,-0.670132,2.932517
L0663,0,1,-0.5,1,1.970324,4.260877
L0664,0,1,-0.5,1,-2.397586,6.327879
L0665,0,1,-0.5,1,1.245520,5.431631
L0666,0,1,-0.5,0,0.108015,2.816526
L0667,0,1,-0.5,1,0.653878,4.522544
L0668,0,1,-0.5,0,2.262030,1.491274
L0669,0,1,-0.5,1,1.598633,6.194589
L0670,0,1,-0.5,0,-0.147591,3.800831
L0672,0,1,-0.5,0,-2.743858,3.760230
L0673,0,1,-0.5,1,1.528167,3.310565
L0674,0,1,-0.5,0,-3.397836,2.172283
L0675,0,1,-0.5,1,-3.300361,5.484050
L0676,0,1,-0.5,0,-2.058752,3.102688
L0678,0,1,-0.5,0,-0.079327,2.566371
L0679,0,1,-0.5,0,0.707359,2.799276
L0683,0,1,-0.5,0,-1.614764,4.336420
L0684,0,1,-0.5,1,-1.469627,4.343282
L0685,0,1,-0.5,1,2.645634,6.281961
L0686,0,1,-0.5,0,-2.003692,2.923760
L0687,0,1,-0.5,0,-1.991060,1.527157
L0688,0,1,-0.5,1,-0.400022,4.374932
L0689,0,1,-0.5,1,1.852735,5.784871
L0690,0,1,-0.5,1,-1.441061,4.200034
L0691,0,1,-0.5,1,2.692583,4.830082
L0692,0,1,-0.5,0,-0.504202,4.192387
L0693,0,1,-0.5,1,-2.851317,4.344839
L0694,0,1,-0.5,0,-2.435578,3.402161
L0695,0,1,-0.5,0,-0.982587,3.316884
L0696,0,1,-0.5,1,-1.258675,4.809053
L0697,0,1,-0.5,1,0.191567,5.746658
L0698,0,1,-0.5,0,1.490288,2.196729
L0699,0,1,-0.5,1,4.159015,2.555083
L0700,0,1,-0.5,1,-0.107555,6.922992
L0702,0,1,-0.5,0,0.880277,3.984219
L0704,0,1,-0.5,0,-1.085497,2.861606
L0705,0,1,-0.5,1,0.701567,4.532383
L0706,0,1,-0.5,0,-0.844122,2.384378
L0707,0,1,-0.5,1,-1.252482,3.796525
L0709,0,1,-0.5,1,1.613222,4.009739
L0710,0,1,-0.5,1,-0.611776,4.825343
L0712,0,1,-0.5,1,1.308957,4.854101
L0713,0,1,-0.5,1,3.756438,4.659494
L0714,0,1,-0.5,1,3.077994,6.445337
L0715,0,1,-0.5,0,-3.866562,3.107866
L0716,0,1,-0.5,0,4.031493,2.771936
L0717,0,1,-0.5,0,1.447285,2.604557
L0718,0,1,-0.5,0,-2.002479,3.171295
L0719,0,1,-0.5,0,1.647265,3.314252
L0721,0,1,-0.5,0,-0.215149,2.518269
L0724,0,1,-0.5,1,0.237559,4.205981
L0725,0,1,-0.5,0,0.091745,2.657717
L0726,0,1,-0.5,1,-0.338510,4.804943
L0727,0,1,-0.5,1,-2.376326,3.807848
L0728,0,1,-0.5,0,0.523988,3.510847
L0729,0,1,-0.5,0,-1.030711,2.659928
L0730,0,1,-0.5,1,-0.362500,4.649059
L0731,0,1,-0.5,1,-3.407046,4.987735
L0734,0,1,-0.5,1,-2.692484,4.935290
L0735,0,1,-0.5,1,-3.243229,3.551564
L0736,0,1,-0.5,0,6.180742,3.321298
L0737,0,1,-0.5,0,0.470964,2.710700
L0739,0,1,-0.5,1,1.048888,4.965729
L0741,0,1,-0.5,1,1.567914,5.956768
L0742,0,1,-0.5,0,0.572334,2.901759
L0743,0,1,-0.5,1,-1.561636,5.742324
L0744,0,1,-0.5,0,-1.015021,4.051865
L0746,0,1,-0.5,0,2.084782,3.066086
L0747,0,1,-0.5,1,1.033392,5.207580
L0748,0,1,-0.5,0,-5.983150,1.556596
L0749,0,1,-0.5,1,-0.997104,5.230545
L0751,0,1,-0.5,1,1.057903,4.421250
L0752,0,1,-0.5,1,1.848672,2.854370
L0754,0,1,-0.5,1,-0.097244,3.953529
L0755,0,1,-0.5,0,0.882333,4.732605
L0756,0,1,-0.5,0,0.098507,3.335638
L0758,0,1,-0.5,1,3.274586,4.342038
L0759,0,1,-0.5,1,-1.160128,3.375308
L0764,0,1,-0.5,0,1.011558,3.245531
L0765,0,1,-0.5,1,-1.027232,4.073901
L0766,0,1,-0.5,1,-0.395204,6.387700
L0767,0,1,-0.5,1,0.102361,4.149397
L0769,0,1,-0.5,1,-0.877575,6.146211
L0770,0,1,-0.5,1,-0.118073,6.126544
L0771,0,1,-0.5,0,0.208519,3.769209
L0772,0,1,-0.5,0,-3.308515,5.541696
L0773,0,1,-0.5,0,1.936883,2.664205
L0779,0,1,-0.5,1,-5.256009,7.850002
L0780,0,1,-0.5,0,0.172952,2.441688
L0781,0,1,-0.5,0,-2.108138,2.699308
L0782,0,1,-0.5,1,-2.544978,4.702252
L0783,0,1,-0.5,0,2.471723,4.046494
L0784,0,1,-0.5,1,3.142773,4.687734
L0785,0,1,-0.5,1,-0.322325,4.347208
L0786,0,1,-0.5,1,0.281741,5.065428
L0788,0,1,-0.5,0,1.408188,3.914955
L0790,0,1,-0.5,1,-0.844494,5.033036
L0791,0,1,-0.5,0,-0.542196,2.388665
L0792,0,1,-0.5,0,-0.359227,1.656033
L0793,0,1,-0.5,1,-0.251529,5.509338
L0794,0,1,-0.5,0,2.652854,0.753978
L0795,0,1,-0.5,1,2.331054,4.047272
L0796,0,1,-0.5,0,0.432753,2.254384
L0797,0,1,-0.5,0,-2.879713,2.839349
L0798,0,1,-0.5,1,-1.167845,3.682896
L0800,0,1,-0.5,0,-2.906769,3.128639
L0801,0,1,-0.5,1,0.066012,4.388224
L0804,0,1,-0.5,1,-0.730544,3.523326
L0805,0,1,-0.5,0,0.174879,3.103615
L0807,0,1,-0.5,1,0.401638,4.185449
L0808,0,1,-0.5,0,-3.786657,2.757763
L0809,0,1,-0.5,0,-0.277842,1.321840
L0811,0,1,-0.5,1,-0.971267,4.832109
L0812,0,1,-0.5,0,0.058204,4.957833
L0814,0,1,-0.5,1,-2.053084,3.135633
L0815,0,1,-0.5,1,-1.688692,4.977040
L0816,0,1,-0.5,1,-1.266521,4.646680
L0818,0,1,-0.5,0,-0.282251,2.675229
L0820,0,1,-0.5,1,1.740076,2.834025
L0823,0,1,-0.5,0,-1.114038,3.931599
L0824,0,1,-0.5,0,-0.796273,4.322970
L0825,0,1,-0.5,0,3.130963,2.711341
L0826,0,1,-0.5,0,-1.056324,4.169915
L0827,0,1,-0.5,1,-1.122566,5.729399
L0828,0,1,-0.5,1,-3.770003,5.121887
L0829,0,1,-0.5,1,-1.217352,4.895662
L0830,0,1,-0.5,0,-1.154805,4.161033
L0831,0,1,-0.5,1,3.223929,5.804944
L0836,0,1,-0.5,0,-0.193481,2.070396
L0837,0,1,-0.5,0,-4.660440,2.477687
L0838,0,1,-0.5,0,1.068749,2.649436
L0839,0,1,-0.5,1,1.548662,5.121840
L0840,0,1,-0.5,0,-1.785480,2.295275
L0841,0,1,-0.5,1,1.044152,3.329752
L0842,0,1,-0.5,1,-0.107717,5.631875
L0843,0,1,-0.5,1,0.361069,5.297250
L0844,0,1,-0.5,1,-3.926591,4.773760
L0845,0,1,-0.5,0,-1.155667,2.339743
L0847,0,1,-0.5,1,2.329659,6.391956
L0848,0,1,-0.5,0,0.261265,2.007688
L0849,0,1,-0.5,1,-0.300619,5.239564
L0851,0,1,-0.5,0,0.269694,1.213847
L0852,0,1,-0.5,0,-1.222145,3.499221
L0853,0,1,-0.5,1,-2.777773,4.476387
L0854,0,1,-0.5,0,-1.303231,2.723954
L0855,0,1,-0.5,0,-1.458666,3.311994
L0856,0,1,-0.5,1,-0.214410,6.290112
L0859,0,1,-0.5,1,0.039622,5.618773
L0860,0,1,-0.5,1,-1.069523,4.419288
L0862,0,1,-0.5,1,-0.755190,3.325322
L0863,0,1,-0.5,1,-0.925151,5.103232
L0864,0,1,-0.5,1,3.583178,6.471950
L0866,0,1,-0.5,1,2.835655,3.776142
L0868,0,1,-0.5,0,0.587663,3.307866
L0869,0,1,-0.5,0,-0.544671,3.615494
L0870,0,1,-0.5,0,0.944784,3.149877
L0871,0,1,-0.5,0,0.542050,2.887287
L0873,0,1,-0.5,1,-2.038288,6.572012
L0874,0,1,-0.5,1,-2.755015,5.129281
L0875,0,1,-0.5,0,-0.664627,1.424273
L0876,0,1,-0.5,0,0.488346,3.362118
L0877,0,1,-0.5,1,2.085108,4.243672
L0878,0,1,-0.5,1,0.881825,5.112738
L0879,0,1,-0.5,1,-0.144243,4.407326
L0880,0,1,-0.5,0,0.676757,2.791355
L0883,0,1,-0.5,0,1.360046,1.844461
L0884,0,1,-0.5,1,4.000797,5.298183
L0887,0,1,-0.5,0,-1.858609,3.010556
L0889,0,1,-0.5,0,2.649357,3.532474
L0892,0,1,-0.5,1,-1.193876,3.641048
L0893,0,1,-0.5,1,-0.007205,4.142375
L0894,0,1,-0.5,0,-0.906855,2.684735
L0895,0,1,-0.5,0,-0.801847,2.549980
L0896,0,1,-0.5,1,0.827274,4.984026
L0897,0,1,-0.5,1,-0.583015,5.361086
L0898,0,1,-0.5,1,-0.182624,5.325241
L0899,0,1,-0.5,0,0.365978,2.154329
L0900,0,1,-0.5,0,-1.527451,2.330035
L0902,0,1,0.5,1,2.971307,7.117373
L0903,0,1,0.5,0,0.472504,2.096376
L0904,0,1,0.5,1,0.022476,5.266371
L0905,0,1,0.5,0,-3.111845,4.824869
L0906,0,1,0.5,0,3.635323,4.642321
L0908,0,1,0.5,0,-0.013038,3.537311
L0910,0,1,0.5,1,3.508524,6.261755
L0911,0,1,0.5,1,2.454180,5.941603
L0912,0,1,0.5,1,-1.349267,6.173785
L0913,0,1,0.5,1,2.351027,6.409113
L0915,0,1,0.5,1,0.462589,5.968608
L0916,0,1,0.5,0,0.371392,3.432354
L0917,0,1,0.5,0,4.150473,3.515521
L0918,0,1,0.5,0,3.629750,3.777868
L0919,0,1,0.5,1,2.856036,6.115886
L0920,0,1,0.5,0,1.492574,6.069878
L0921,0,1,0.5,0,-1.432284,3.425778
L0922,0,1,0.5,1,0.692233,6.183438
L0923,0,1,0.5,1,2.525246,5.690196
L0924,0,1,0.5,1,0.307130,5.806918
L0925,0,1,0.5,0,3.178439,5.026450
L0926,0,1,0.5,0,-0.137544,2.731013
L0927,0,1,0.5,1,2.332980,7.397959
L0928,0,1,0.5,0,-0.304383,3.088340
L0929,0,1,0.5,1,2.003311,6.079123
L0932,0,1,0.5,0,1.470600,3.627546
L0934,0,1,0.5,1,5.071682,6.837138
L0935,0,1,0.5,1,1.520169,4.875239
L0936,0,1,0.5,1,2.302364,6.415178
L0937,0,1,0.5,0,-1.500983,3.458310
L0938,0,1,0.5,0,1.273236,3.712042
L0941,0,1,0.5,0,5.162121,3.056880
L0942,0,1,0.5,1,-0.423016,6.190856
L0944,0,1,0.5,0,1.087480,3.117290
L0945,0,1,0.5,1,3.820627,5.439321
L0947,0,1,0.5,1,-0.751409,5.099712
L0948,0,1,0.5,0,-1.395891,4.935519
L0950,0,1,0.5,0,0.410033,5.917671
L0951,0,1,0.5,1,0.504028,7.310059
L0954,0,1,0.5,1,0.818913,6.310119
L0955,0,1,0.5,1,0.643010,6.620903
L0957,0,1,0.5,1,0.674610,4.468378
L0958,0,1,0.5,1,4.539956,6.384856
L0959,0,1,0.5,1,-2.313833,7.845308
L0960,0,1,0.5,0,-1.772352,5.394737
L0963,0,1,0.5,1,-1.533227,7.603759
L0964,0,1,0.5,0,-0.993958,3.250177
L0965,0,1,0.5,1,-1.830545,5.900123
L0967,0,1,0.5,0,-2.686924,4.384114
L0968,0,1,0.5,1,2.179815,3.996682
L0969,0,1,0.5,0,2.217986,4.829301
L0970,0,1,0.5,1,1.983150,4.205399
L0971,0,1,0.5,1,1.630069,5.457586
L0973,0,1,0.5,0,-0.298447,3.430202
L0974,0,1,0.5,0,-1.816928,4.564752
L0976,0,1,0.5,1,-0.906903,6.652954
L0978,0,1,0.5,0,-0.432630,4.351214
L0979,0,1,0.5,0,-1.526633,3.268701
L0980,0,1,0.5,1,0.849595,5.195355
L0981,0,1,0.5,0,4.183553,4.419223
L0982,0,1,0.5,1,0.581916,6.166101
L0983,0,1,0.5,1,2.382970,5.076290
L0986,0,1,0.5,1,1.076712,5.045969
L0987,0,1,0.5,0,0.138278,5.266070
L0988,0,1,0.5,0,0.918040,5.314850
L0989,0,1,0.5,1,0.566249,4.658450
L0990,0,1,0.5,0,2.040833,2.899121
L0991,0,1,0.5,1,-1.008260,5.571771
L0992,0,1,0.5,0,1.196926,2.412386
L0993,0,1,0.5,0,0.747204,5.154482
L0994,0,1,0.5,1,2.834521,5.794904
L0995,0,1,0.5,0,2.300281,3.808795
L0996,0,1,0.5,0,-0.880840,5.825390
L0997,0,1,0.5,1,1.358893,6.724895
L0999,0,1,0.5,0,-0.762632,4.085840
L1000,0,1,0.5,1,4.288652,5.730235
L1001,0,1,0.5,1,1.243266,4.434688
L1002,0,1,0.5,1,3.002019,5.212615
L1003,0,1,0.5,0,-0.996251,4.198768
L1004,0,1,0.5,1,2.190173,6.672582
L1005,0,1,0.5,1,0.955485,5.253650
L1006,0,1,0.5,0,2.929141,3.951165
L1007,0,1,0.5,1,3.109525,6.676120
L1009,0,1,0.5,1,-1.629451,6.863527
L1010,0,1,0.5,0,-1.919874,3.575283
L1011,0,1,0.5,0,-1.509782,5.011935
L1015,0,1,0.5,1,-0.739930,6.818959
L1016,0,1,0.5,0,1.096140,4.207802
L1018,0,1,0.5,1,2.330937,4.483389
L1020,0,1,0.5,1,0.933121,8.394703
L1022,0,1,0.5,0,1.919341,3.494409
L1023,0,1,0.5,0,2.620930,4.774193
L1025,0,1,0.5,1,-0.420151,5.079669
L1026,0,1,0.5,1,0.409007,4.279508
L1027,0,1,0.5,1,3.434079,6.706884
L1029,0,1,0.5,1,-1.370062,4.974356
L1030,0,1,0.5,0,-2.677430,3.840112
L1031,0,1,0.5,1,1.722602,6.682947
L1032,0,1,0.5,1,0.761320,6.596012
L1033,0,1,0.5,0,-3.263489,2.991212
L1034,0,1,0.5,0,-1.836044,4.000071
L1035,0,1,0.5,0,3.304085,4.984628
L1037,0,1,0.5,0,3.194707,1.948229
L1038,0,1,0.5,0,0.467174,5.651684
L1039,0,1,0.5,1,3.744369,6.977646
L1041,0,1,0.5,1,4.670421,5.588010
L1043,0,1,0.5,0,0.101963,3.197472
L1044,0,1,0.5,1,-0.505739,5.189434
L1045,0,1,0.5,0,0.349652,4.940285
L1046,0,1,0.5,1,-0.072678,6.119133
L1048,0,1,0.5,1,0.624490,6.685439
L1049,0,1,0.5,0,0.403732,2.541853
L1051,0,1,0.5,1,0.805202,7.370855
L1052,0,1,0.5,1,2.025876,5.664751
L1053,0,1,0.5,0,-0.776035,3.142285
L1054,0,1,0.5,1,-0.122186,6.012275
L1055,0,1,0.5,1,-0.994232,6.090803
L1056,0,1,0.5,0,1.027733,4.279936
L1057,0,1,0.5,0,-0.402377,1.283018
L1058,0,1,0.5,1,3.525161,5.670748
L1059,0,1,0.5,0,1.126989,2.590354
L1060,0,1,0.5,1,-2.092573,8.586531
L1061,0,1,0.5,1,2.596544,7.564617
L1062,0,1,0.5,0,3.072345,2.736005
L1063,0,1,0.5,0,0.795996,4.504682
L1065,0,1,0.5,1,0.946055,6.445321
L1066,0,1,0.5,0,2.331125,3.011521
L1067,0,1,0.5,1,0.123955,6.877338
L1069,0,1,0.5,1,1.190245,5.341623
L1070,0,1,0.5,0,1.521032,5.064770
L1071,0,1,0.5,1,-1.900279,6.069118
L1073,0,1,0.5,1,0.682753,7.116504
L1076,0,1,0.5,0,1.600342,3.738321
L1077,0,1,0.5,0,-3.180216,4.754003
L1078,0,1,0.5,0,-0.980338,2.720176
L1081,0,1,0.5,1,0.447609,5.793503
L1082,0,1,0.5,1,4.755321,6.283399
L1083,0,1,0.5,0,2.400286,5.141626
L1084,0,1,0.5,1,-2.044459,4.525244
L1085,0,1,0.5,1,4.784065,5.925600
L1087,0,1,0.5,0,1.683148,4.552122
L1088,0,1,0.5,1,2.447938,7.699229
L1089,0,1,0.5,0,-1.960243,4.599950
L1090,0,1,0.5,1,3.610665,7.143226
L1091,0,1,0.5,1,0.795788,7.423920
L1092,0,1,0.5,1,0.717126,5.829649
L1093,0,1,0.5,0,4.381814,3.212345
L1095,0,1,0.5,1,0.612539,5.307921
L1097,0,1,0.5,1,3.422588,5.953811
L1099,0,1,0.5,1,-1.130481,7.142312
L1100,0,1,0.5,0,2.525645,3.558290
L1103,0,1,0.5,1,2.418594,5.024792
L1104,0,1,0.5,1,-0.453575,6.134362
L1106,0,1,0.5,1,-0.877250,8.756684
L1108,0,1,0.5,0,1.211095,3.540167
L1109,0,1,0.5,1,3.616013,5.198092
L1110,0,1,0.5,1,6.364675,6.021351
L1111,0,1,0.5,0,1.042417,4.490378
L1112,0,1,0.5,1,1.997509,6.479818
L1113,0,1,0.5,1,0.829012,6.791915
L1114,0,1,0.5,0,1.160153,3.795983
L1115,0,1,0.5,1,0.698816,4.290004
L1117,0,1,0.5,1,-0.869534,7.185632
L1118,0,1,0.5,1,0.886918,5.136752
L1120,0,1,0.5,1,1.782731,5.892543
L1122,0,1,0.5,0,-1.297652,2.913258
L1125,0,1,0.5,0,4.175935,3.279413
L1126,0,1,0.5,1,5.298254,6.564834
L1128,0,1,0.5,0,-0.264396,2.294431
L1129,0,1,0.5,1,0.139709,4.884496
L1130,0,1,0.5,0,-1.123093,3.811596
L1131,0,1,0.5,1,0.965595,4.949494
L1132,0,1,0.5,0,-0.947164,2.186448
L1133,0,1,0.5,0,2.570457,3.762038
L1135,0,1,0.5,0,1.195107,3.595723
L1136,0,1,0.5,1,-1.031415,5.144525
L1137,0,1,0.5,0,-4.433371,4.832450
L1139,0,1,0.5,1,3.960631,5.641317
L1140,0,1,0.5,1,4.178294,6.861692
L1141,0,1,0.5,1,3.763921,5.059439
L1142,0,1,0.5,1,-2.828115,4.910234
L1143,0,1,0.5,1,1.614127,7.647308
L1144,0,1,0.5,0,0.241294,2.240968
L1145,0,1,0.5,1,0.153467,5.068339
L1147,0,1,0.5,1,4.192116,4.833575
L1148,0,1,0.5,0,-2.248054,3.332874
L1149,0,1,0.5,0,0.956160,2.597500
L1151,0,1,0.5,0,0.102202,3.280182
L1153,0,1,0.5,0,-3.157442,2.099213
L1154,0,1,0.5,0,0.068351,3.549221
L1155,0,1,0.5,1,3.555602,5.197100
L1157,0,1,0.5,1,1.457763,6.441986
L1158,0,1,0.5,1,0.031250,6.172068
L1159,0,1,0.5,1,1.578695,5.285950
L1160,0,1,0.5,1,1.326787,6.276189
L1161,0,1,0.5,0,1.301429,5.082669
L1162,0,1,0.5,1,-0.221052,7.776449
L1164,0,1,0.5,0,-1.301065,4.113034
L1165,0,1,0.5,0,1.917624,3.098706
L1167,0,1,0.5,0,0.334360,2.913891
L1169,0,1,0.5,1,0.096902,6.248541
L1171,0,1,0.5,0,-2.109100,3.669486
L1172,0,1,0.5,0,-0.379945,5.271239
L1173,0,1,0.5,0,1.330590,4.393894
L1174,0,1,0.5,0,-2.124832,3.513911
L1175,0,1,0.5,1,2.022455,7.355521
L1176,0,1,0.5,0,0.667714,4.263418
L1178,0,1,0.5,1,4.950863,6.015861
L1179,0,1,0.5,0,1.441805,4.660833
L1181,0,1,0.5,1,2.085654,5.693883
L1182,0,1,0.5,0,1.615961,5.625894
L1184,0,1,0.5,1,2.399766,6.745201
L1185,0,1,0.5,0,-1.061042,3.513401
L1186,0,1,0.5,1,3.786517,5.965148
L1187,0,1,0.5,1,1.156207,6.394391
L1188,0,1,0.5,1,3.793286,5.882166
L1189,0,1,0.5,1,-1.072555,5.508962
L1190,0,1,0.5,1,3.370330,5.948436
L1192,0,1,0.5,1,1.370965,3.938991
L1195,0,1,0.5,0,2.693143,2.958155
L1196,0,1,0.5,0,-2.290373,4.145200
L1197,0,1,0.5,0,-1.717654,4.138382
L1198,0,1,0.5,0,3.201809,5.396183
L1199,0,1,0.5,0,-2.523533,4.341120
L1200,0,1,0.5,1,0.212754,4.688925
L1201,1,0,-0.5,1,3.829341,5.961468
L1204,1,0,-0.5,1,1.912060,5.426445
L1205,1,0,-0.5,1,7.720214,8.892935
L1208,1,0,-0.5,1,7.169468,7.225692
L1209,1,0,-0.5,1,3.196188,5.543876
L1210,1,0,-0.5,0,-1.715064,2.875812
L1212,1,0,-0.5,0,-0.349699,3.619203
L1213,1,0,-0.5,0,1.145754,5.486103
L1214,1,0,-0.5,0,-0.120799,4.057830
L1215,1,0,-0.5,0,3.689549,3.433018
L1217,1,0,-0.5,0,3.307295,4.913458
L1218,1,0,-0.5,1,0.601818,6.383147
L1219,1,0,-0.5,0,3.449133,3.549262
L1222,1,0,-0.5,1,-0.393034,7.398304
L1223,1,0,-0.5,0,3.590899,5.222811
L1224,1,0,-0.5,1,6.161870,7.556605
L1226,1,0,-0.5,1,2.067143,5.353245
L1227,1,0,-0.5,0,3.526567,2.760527
L1228,1,0,-0.5,0,1.888122,4.207190
L1229,1,0,-0.5,0,0.871213,4.495341
L1230,1,0,-0.5,0,2.588917,2.906193
L1231,1,0,-0.5,0,-2.303682,5.175494
L1233,1,0,-0.5,0,1.523386,3.528527
L1234,1,0,-0.5,0,1.259601,3.478635
L1235,1,0,-0.5,1,4.244123,5.113852
L1236,1,0,-0.5,0,1.255861,3.846534
L1237,1,0,-0.5,0,0.322749,4.301166
L1238,1,0,-0.5,0,0.329929,2.681650
L1239,1,0,-0.5,1,0.897855,5.376885
L1240,1,0,-0.5,1,5.890580,7.106605
L1241,1,0,-0.5,1,6.996353,4.753680
L1243,1,0,-0.5,1,3.823936,7.601490
L1244,1,0,-0.5,0,1.210859,3.944476
L1245,1,0,-0.5,1,5.379195,5.959103
L1246,1,0,-0.5,0,2.741105,4.394611
L1247,1,0,-0.5,1,4.867402,7.547269
L1248,1,0,-0.5,1,6.734438,6.414678
L1250,1,0,-0.5,0,3.297968,3.236270
L1251,1,0,-0.5,0,4.230247,4.701263
L1252,1,0,-0.5,0,-1.007669,2.860982
L1253,1,0,-0.5,1,4.028606,5.574946
L1254,1,0,-0.5,1,2.138175,5.158130
L1255,1,0,-0.5,1,4.635181,4.687393
L1256,1,0,-0.5,1,0.620625,5.206387
L1257,1,0,-0.5,1,1.033149,6.055238
L1259,1,0,-0.5,1,2.340171,6.645342
L1260,1,0,-0.5,1,3.132616,4.289558
L1261,1,0,-0.5,1,4.708669,5.052647
L1262,1,0,-0.5,1,6.156127,7.229309
L1264,1,0,-0.5,0,2.244198,2.720191
L1265,1,0,-0.5,1,1.329807,8.352884
L1266,1,0,-0.5,0,0.150384,4.761336
L1267,1,0,-0.5,1,6.034467,5.294646
L1268,1,0,-0.5,1,2.593103,5.824384
L1270,1,0,-0.5,1,3.455421,8.583058
L1272,1,0,-0.5,1,2.936971,5.409880
L1273,1,0,-0.5,0,0.467870,4.117030
L1274,1,0,-0.5,0,2.239880,5.362487
L1275,1,0,-0.5,0,2.175405,3.190758
L1276,1,0,-0.5,0,1.411095,3.922397
L1279,1,0,-0.5,1,4.359036,6.412336
L1280,1,0,-0.5,0,1.294080,3.647021
L1281,1,0,-0.5,1,5.430301,5.862360
L1283,1,0,-0.5,0,0.538993,4.272757
L1284,1,0,-0.5,1,3.975451,5.935465
L1285,1,0,-0.5,1,5.370785,4.855125
L1286,1,0,-0.5,1,2.075831,5.035408
L1287,1,0,-0.5,0,1.246161,4.265579
L1288,1,0,-0.5,1,5.348958,6.644183
L1292,1,0,-0.5,0,1.772711,3.914080
L1293,1,0,-0.5,1,4.925250,4.696106
L1295,1,0,-0.5,1,4.483797,6.246164
L1296,1,0,-0.5,0,5.657044,2.587173
L1297,1,0,-0.5,0,1.276758,5.749911
L1299,1,0,-0.5,0,-1.543450,2.617650
L1300,1,0,-0.5,0,1.857301,3.497068
L1301,1,0,-0.5,0,-0.000656,6.269913
L1302,1,0,-0.5,0,1.261270,3.796794
L1303,1,0,-0.5,0,1.027331,4.890606
L1304,1,0,-0.5,1,3.216494,3.747533
L1305,1,0,-0.5,1,6.099846,7.196665
L1306,1,0,-0.5,0,1.841321,4.815612
L1307,1,0,-0.5,0,-2.000619,2.532951
L1309,1,0,-0.5,0,2.805921,3.306236
L1310,1,0,-0.5,0,-2.719632,4.494370
L1311,1,0,-0.5,1,3.404830,5.855925
L1312,1,0,-0.5,1,6.091102,5.105692
L1315,1,0,-0.5,0,2.681104,3.639524
L1316,1,0,-0.5,0,6.018017,3.988772
L1317,1,0,-0.5,0,2.602205,3.076291
L1319,1,0,-0.5,1,2.336368,5.236349
L1321,1,0,-0.5,1,3.947227,6.592645
L1322,1,0,-0.5,0,1.914221,4.159466
L1323,1,0,-0.5,0,2.668472,2.982880
L1324,1,0,-0.5,0,2.012652,3.483546
L1326,1,0,-0.5,1,2.610227,6.830286
L1327,1,0,-0.5,1,2.175371,7.038949
L1328,1,0,-0.5,0,-0.640965,2.181476
L1329,1,0,-0.5,0,-1.880163,3.468610
L1330,1,0,-0.5,1,4.047090,5.323379
L1331,1,0,-0.5,0,4.285130,3.944343
L1332,1,0,-0.5,1,1.127452,6.994411
L1333,1,0,-0.5,0,2.263153,3.033689
L1334,1,0,-0.5,0,6.348713,2.682321
L1335,1,0,-0.5,0,1.213633,4.491544
L1336,1,0,-0.5,1,4.784486,6.263012
L1337,1,0,-0.5,0,0.516423,3.005053
L1338,1,0,-0.5,0,2.812855,3.767035
L1339,1,0,-0.5,1,1.920169,6.375731
L1342,1,0,-0.5,0,3.642589,4.141817
L1345,1,0,-0.5,0,4.862957,0.458921
L1347,1,0,-0.5,1,2.923806,6.494710
L1348,1,0,-0.5,0,2.482919,3.254865
L1349,1,0,-0.5,1,4.738020,4.258293
L1350,1,0,-0.5,1,5.060269,7.164081
L1351,1,0,-0.5,1,0.648525,6.542458
L1353,1,0,-0.5,0,1.274608,3.303600
L1354,1,0,-0.5,1,5.535149,5.900619
L1355,1,0,-0.5,1,5.337068,6.312028
L1356,1,0,-0.5,1,8.492877,6.197120
L1358,1,0,-0.5,1,4.893258,6.236636
L1359,1,0,-0.5,0,1.915086,6.012162
L1360,1,0,-0.5,0,0.665328,3.760237
L1362,1,0,-0.5,1,6.590698,5.774584
L1363,1,0,-0.5,0,3.145804,3.367410
L1364,1,0,-0.5,1,3.652962,7.335640
L1365,1,0,-0.5,1,3.006698,6.946426
L1366,1,0,-0.5,0,0.139412,4.847162
L1369,1,0,-0.5,1,4.294546,5.017905
L1370,1,0,-0.5,0,3.571013,5.249432
L1371,1,0,-0.5,0,-2.995313,4.121603
L1374,1,0,-0.5,1,2.828810,6.377695
L1376,1,0,-0.5,0,3.184497,3.228498
L1377,1,0,-0.5,0,2.286529,5.414716
L1379,1,0,-0.5,1,5.397575,5.795070
L1380,1,0,-0.5,1,3.927032,4.227085
L1381,1,0,-0.5,1,5.344545,7.694459
L1383,1,0,-0.5,0,-1.282457,2.140206
L1384,1,0,-0.5,1,7.036393,6.105194
L1385,1,0,-0.5,0,-0.618777,4.115780
L1388,1,0,-0.5,1,6.385520,6.054289
L1389,1,0,-0.5,0,1.150779,2.760904
L1390,1,0,-0.5,0,1.553831,4.584147
L1391,1,0,-0.5,1,5.028867,5.230392
L1392,1,0,-0.5,1,4.557722,6.529895
L1393,1,0,-0.5,0,2.301732,4.062228
L1395,1,0,-0.5,0,-0.369422,3.376756
L1396,1,0,-0.5,0,4.270755,3.779506
L1397,1,0,-0.5,0,1.979730,3.303757
L1398,1,0,-0.5,1,4.419040,5.794412
L1400,1,0,-0.5,1,4.089923,7.997501
L1401,1,0,-0.5,0,-0.245155,2.871025
L1403,1,0,-0.5,1,4.726018,5.584201
L1404,1,0,-0.5,1,4.306326,7.163918
L1405,1,0,-0.5,1,6.878537,6.417566
L1407,1,0,-0.5,1,1.261259,5.763473
L1408,1,0,-0.5,1,3.348490,6.481509
L1409,1,0,-0.5,0,0.588003,4.481855
L1410,1,0,-0.5,0,4.016803,3.439010
L1412,1,0,-0.5,0,1.108724,5.093513
L1413,1,0,-0.5,0,1.001475,5.039964
L1414,1,0,-0.5,0,2.491787,3.676219
L1415,1,0,-0.5,0,2.980142,4.376808
L1416,1,0,-0.5,0,4.858838,5.913003
L1417,1,0,-0.5,1,4.474362,5.652717
L1418,1,0,-0.5,0,-1.134039,3.358705
L1419,1,0,-0.5,1,2.033192,6.659422
L1420,1,0,-0.5,0,-0.925296,5.167680
L1421,1,0,-0.5,1,4.366539,5.513843
L1422,1,0,-0.5,1,2.958374,7.519281
L1424,1,0,-0.5,1,5.146424,7.231764
L1427,1,0,-0.5,0,2.461565,3.616500
L1428,1,0,-0.5,0,-1.099547,4.957705
L1429,1,0,-0.5,1,6.239744,5.153939
L1430,1,0,-0.5,1,6.100678,5.098179
L1433,1,0,-0.5,1,2.080861,7.010774
L1434,1,0,-0.5,1,3.107411,7.732820
L1436,1,0,-0.5,0,1.090603,3.107764
L1438,1,0,-0.5,1,4.723423,6.535177
L1441,1,0,-0.5,1,3.809946,5.417220
L1442,1,0,-0.5,1,5.076990,6.025791
L1443,1,0,-0.5,1,4.383206,3.807501
L1445,1,0,-0.5,1,1.619806,6.303686
L1446,1,0,-0.5,1,4.987848,7.067599
L1447,1,0,-0.5,0,-0.262587,3.288808
L1448,1,0,-0.5,0,2.869339,4.607903
L1449,1,0,-0.5,0,3.716680,3.078223
L1452,1,0,-0.5,0,3.592880,2.949083
L1453,1,0,-0.5,0,0.339454,3.321516
L1454,1,0,-0.5,0,4.173235,4.585917
L1456,1,0,-0.5,0,1.511918,3.313105
L1458,1,0,-0.5,1,6.594118,4.292853
L1459,1,0,-0.5,1,6.996329,5.599550
L1460,1,0,-0.5,1,4.673766,4.629280
L1462,1,0,-0.5,0,-0.329389,3.107500
L1463,1,0,-0.5,0,-1.146524,5.417992
L1467,1,0,-0.5,1,2.756893,5.163995
L1469,1,0,-0.5,1,-0.552032,5.625478
L1471,1,0,-0.5,1,2.065575,5.939097
L1472,1,0,-0.5,0,2.356842,4.693056
L1473,1,0,-0.5,1,9.075145,4.834722
L1474,1,0,-0.5,0,1.606279,5.121820
L1475,1,0,-0.5,1,3.458167,6.311699
L1476,1,0,-0.5,1,8.003946,7.544603
L1477,1,0,-0.5,0,2.368340,3.511412
L1478,1,0,-0.5,0,0.924888,4.808997
L1479,1,0,-0.5,0,0.776577,2.607226
L1480,1,0,-0.5,0,3.678432,4.511851
L1481,1,0,-0.5,1,6.370683,6.580861
L1482,1,0,-0.5,0,0.392017,5.426133
L1483,1,0,-0.5,1,1.292784,7.617621
L1484,1,0,-0.5,1,5.946985,6.019275
L1485,1,0,-0.5,1,6.122992,6.945897
L1486,1,0,-0.5,0,-0.122203,3.016936
L1487,1,0,-0.5,1,4.039775,6.179288
L1488,1,0,-0.5,0,0.759957,4.751083
L1490,1,0,-0.5,1,4.897384,7.061857
L1492,1,0,-0.5,0,0.756939,4.141210
L1494,1,0,-0.5,1,1.317173,6.192104
L1495,1,0,-0.5,1,6.143302,5.449944
L1496,1,0,-0.5,1,3.924530,7.320141
L1497,1,0,-0.5,1,2.446224,3.319883
L1498,1,0,-0.5,0,-1.495237,4.406943
L1499,1,0,-0.5,1,4.899968,6.625432
L1500,1,0,-0.5,0,3.753058,5.815937
L1503,1,0,0.5,1,9.469001,6.195332
L1504,1,0,0.5,0,1.605215,6.321849
L1506,1,0,0.5,1,8.059453,7.363011
L1507,1,0,0.5,1,7.658410,8.154140
L1508,1,0,0.5,1,4.998836,6.444644
L1509,1,0,0.5,1,5.074951,8.263537
L1510,1,0,0.5,1,6.556630,6.532220
L1512,1,0,0.5,1,10.317654,6.751509
L1515,1,0,0.5,1,7.979033,6.975235
L1516,1,0,0.5,1,7.473049,6.404672
L1517,1,0,0.5,1,3.984732,6.829366
L1518,1,0,0.5,1,8.561289,6.680725
L1519,1,0,0.5,1,4.602369,8.159386
L1520,1,0,0.5,1,6.326071,8.059279
L1521,1,0,0.5,0,-0.602813,4.057259
L1522,1,0,0.5,0,1.706041,5.672744
L1524,1,0,0.5,0,0.498388,6.312195
L1525,1,0,0.5,1,4.656086,6.835904
L1527,1,0,0.5,0,1.784298,5.066544
L1528,1,0,0.5,0,4.405796,7.199158
L1529,1,0,0.5,1,6.466405,6.073532
L1530,1,0,0.5,0,-0.457953,5.399346
L1531,1,0,0.5,1,4.843287,7.555521
L1532,1,0,0.5,0,1.116067,6.901056
L1533,1,0,0.5,1,9.028851,7.767059
L1534,1,0,0.5,1,1.650180,4.891672
L1535,1,0,0.5,0,1.536508,3.681782
L1536,1,0,0.5,1,5.175116,7.309566
L1538,1,0,0.5,1,6.080663,5.640309
L1539,1,0,0.5,1,6.980497,5.882364
L1541,1,0,0.5,1,6.237381,6.014426
L1543,1,0,0.5,1,4.554324,6.833392
L1544,1,0,0.5,0,3.193523,4.241002
L1546,1,0,0.5,0,4.711717,6.651617
L1547,1,0,0.5,0,1.097208,3.987628
L1548,1,0,0.5,0,3.812676,5.617319
L1549,1,0,0.5,1,8.192564,8.844512
L1550,1,0,0.5,0,1.434465,3.137602
L1551,1,0,0.5,0,3.782722,6.241041
L1552,1,0,0.5,0,2.619418,6.472401
L1553,1,0,0.5,0,3.562510,3.637830
L1554,1,0,0.5,0,6.528527,6.456349
L1555,1,0,0.5,0,2.744865,5.517038
L1557,1,0,0.5,0,4.387637,5.703069
L1559,1,0,0.5,1,9.882581,6.320936
L1560,1,0,0.5,0,5.508150,4.403144
L1562,1,0,0.5,0,2.919546,3.341988
L1563,1,0,0.5,1,3.624408,7.999176
L1564,1,0,0.5,0,1.888527,5.571150
L1565,1,0,0.5,0,3.606356,4.251685
L1566,1,0,0.5,1,3.798323,8.173701
L1567,1,0,0.5,0,1.206910,4.017618
L1568,1,0,0.5,0,1.462591,4.544250
L1569,1,0,0.5,0,1.768256,4.802690
L1570,1,0,0.5,1,2.175317,8.095312
L1571,1,0,0.5,0,-1.562828,6.820569
L1572,1,0,0.5,0,4.889738,3.858560
L1574,1,0,0.5,0,-0.260014,6.025540
L1575,1,0,0.5,0,5.093373,6.204281
L1578,1,0,0.5,1,8.469577,6.933705
L1579,1,0,0.5,0,0.333580,4.497784
L1580,1,0,0.5,0,2.508796,4.215345
L1581,1,0,0.5,1,6.931990,6.313137
L1582,1,0,0.5,0,4.878708,5.897397
L1583,1,0,0.5,0,1.537498,4.097581
L1584,1,0,0.5,0,5.125753,4.801054
L1585,1,0,0.5,1,6.280648,5.837132
L1587,1,0,0.5,0,4.797931,5.275561
L1589,1,0,0.5,1,5.690941,6.285680
L1590,1,0,0.5,0,6.416580,5.992519
L1591,1,0,0.5,0,4.657296,3.736808
L1592,1,0,0.5,1,8.087973,6.074560
L1594,1,0,0.5,1,5.444996,7.256096
L1595,1,0,0.5,1,7.232925,8.031418
L1596,1,0,0.5,0,3.250169,5.478021
L1597,1,0,0.5,1,2.832862,7.428733
L1598,1,0,0.5,1,6.142391,7.418765
L1599,1,0,0.5,0,3.173150,6.113744
L1600,1,0,0.5,0,7.695296,5.205935
L1601,1,0,0.5,1,3.096360,6.282745
L1602,1,0,0.5,0,6.271017,5.273664
L1606,1,0,0.5,1,6.155981,7.250577
L1607,1,0,0.5,0,1.352678,5.171188
L1608,1,0,0.5,0,1.730277,4.795985
L1609,1,0,0.5,1,5.397298,7.605565
L1610,1,0,0.5,1,3.614847,4.691044
L1611,1,0,0.5,1,6.000361,8.074619
L1613,1,0,0.5,0,6.215960,4.507963
L1615,1,0,0.5,1,6.462653,7.092106
L1617,1,0,0.5,1,2.906833,6.493102
L1618,1,0,0.5,0,1.133460,3.501911
L1619,1,0,0.5,0,2.097204,3.746152
L1620,1,0,0.5,0,5.369403,6.311338
L1621,1,0,0.5,0,4.786638,5.046514
L1622,1,0,0.5,0,2.379540,5.095026
L1623,1,0,0.5,0,1.834088,3.457968
L1624,1,0,0.5,1,9.281092,7.129456
L1625,1,0,0.5,0,3.462955,6.542330
L1626,1,0,0.5,0,6.277028,4.420241
L1627,1,0,0.5,0,0.812340,3.071382
L1628,1,0,0.5,0,3.117070,4.809653
L1629,1,0,0.5,1,4.995889,5.736781
L1630,1,0,0.5,0,3.768703,6.016779
L1631,1,0,0.5,1,6.295924,6.151030
L1632,1,0,0.5,0,2.802829,5.094809
L1633,1,0,0.5,0,4.296924,4.528626
L1634,1,0,0.5,1,3.658133,6.906252
L1635,1,0,0.5,1,8.161445,7.920954
L1636,1,0,0.5,1,6.314589,6.351529
L1637,1,0,0.5,1,8.273993,6.613650
L1638,1,0,0.5,1,3.244876,4.460552
L1641,1,0,0.5,0,2.879246,4.688809
L1642,1,0,0.5,0,6.104778,4.103944
L1643,1,0,0.5,0,-1.202754,4.895126
L1644,1,0,0.5,0,3.758358,5.075966
L1645,1,0,0.5,0,3.322381,5.494067
L1647,1,0,0.5,1,6.490329,7.048020
L1648,1,0,0.5,1,5.675440,7.569915
L1649,1,0,0.5,1,5.437487,6.468462
L1650,1,0,0.5,1,7.220664,7.373214
L1651,1,0,0.5,1,5.924026,7.351882
L1652,1,0,0.5,0,4.609471,4.510787
L1654,1,0,0.5,1,9.964737,6.673543
L1655,1,0,0.5,1,5.890167,6.422608
L1656,1,0,0.5,0,-0.201325,4.515722
L1657,1,0,0.5,1,6.637532,6.173874
L1659,1,0,0.5,1,6.724494,8.667192
L1660,1,0,0.5,0,4.510757,5.352741
L1661,1,0,0.5,0,4.471704,3.691142
L1662,1,0,0.5,0,6.205760,4.495804
L1663,1,0,0.5,0,3.380261,3.331433
L1664,1,0,0.5,0,0.907367,5.253700
L1665,1,0,0.5,0,4.924356,4.233246
L1667,1,0,0.5,1,3.866930,7.386500
L1668,1,0,0.5,1,4.772870,7.099045
L1669,1,0,0.5,1,5.641991,7.913354
L1671,1,0,0.5,0,-0.936716,5.967599
L1672,1,0,0.5,1,4.195533,6.314333
L1674,1,0,0.5,0,3.143511,5.933279
L1675,1,0,0.5,0,3.631889,4.840110
L1677,1,0,0.5,0,-0.983200,4.719793
L1678,1,0,0.5,1,8.781210,7.728537
L1679,1,0,0.5,0,1.670725,4.344317
L1680,1,0,0.5,0,2.620343,3.073193
L1683,1,0,0.5,1,8.586289,5.494798
L1684,1,0,0.5,1,4.356771,7.876053
L1685,1,0,0.5,0,-0.137612,5.065951
L1688,1,0,0.5,0,0.981480,4.403122
L1689,1,0,0.5,0,6.731122,4.227435
L1690,1,0,0.5,0,3.440120,4.624693
L1691,1,0,0.5,0,4.576306,6.970499
L1692,1,0,0.5,0,1.432865,5.862860
L1693,1,0,0.5,0,3.375717,3.234323
L1694,1,0,0.5,1,5.859166,6.780762
L1695,1,0,0.5,0,0.344924,4.984292
L1696,1,0,0.5,0,2.525086,5.828960
L1697,1,0,0.5,1,9.923152,7.217964
L1701,1,0,0.5,0,-0.104240,7.155965
L1703,1,0,0.5,0,0.721872,4.521168
L1705,1,0,0.5,0,2.382462,5.212465
L1707,1,0,0.5,0,-1.613971,4.233730
L1709,1,0,0.5,0,3.238783,5.963193
L1712,1,0,0.5,0,3.083668,3.970248
L1714,1,0,0.5,0,3.499850,4.301836
L1715,1,0,0.5,1,7.237581,8.727592
L1716,1,0,0.5,1,8.107453,6.900231
L1717,1,0,0.5,0,1.692108,5.013626
L1718,1,0,0.5,0,2.366286,4.050497
L1724,1,0,0.5,1,4.194972,8.164723
L1727,1,0,0.5,0,3.499963,4.170921
L1728,1,0,0.5,0,-2.365878,5.902577
L1730,1,0,0.5,0,4.374991,4.842290
L1732,1,0,0.5,0,1.810927,3.452193
L1734,1,0,0.5,0,3.031310,4.100049
L1735,1,0,0.5,0,1.686395,3.393127
L1737,1,0,0.5,1,3.165199,6.738116
L1738,1,0,0.5,0,-0.311824,4.842604
L1739,1,0,0.5,1,5.365884,7.635164
L1740,1,0,0.5,0,1.461582,4.922735
L1741,1,0,0.5,1,1.090490,4.291617
L1742,1,0,0.5,0,2.987353,5.382257
L1743,1,0,0.5,1,7.411987,7.016954
L1744,1,0,0.5,1,4.831156,7.018740
L1745,1,0,0.5,0,1.154364,5.329059
L1746,1,0,0.5,1,3.435403,7.069619
L1747,1,0,0.5,1,4.054181,6.010330
L1748,1,0,0.5,0,3.856135,5.483919
L1749,1,0,0.5,0,3.938116,5.315310
L1751,1,0,0.5,1,6.667210,8.777055
L1752,1,0,0.5,1,8.867229,6.082614
L1753,1,0,0.5,1,6.938648,6.479782
L1754,1,0,0.5,1,5.549415,8.782964
L1755,1,0,0.5,1,6.356031,5.014067
L1756,1,0,0.5,0,0.854923,5.973212
L1758,1,0,0.5,1,9.152739,5.783290
L1760,1,0,0.5,0,-2.842111,4.598121
L1761,1,0,0.5,0,1.646469,3.958302
L1762,1,0,0.5,0,5.188515,4.074958
L1764,1,0,0.5,1,5.409335,5.754932
L1766,1,0,0.5,1,6.499699,7.938820
L1767,1,0,0.5,1,5.728567,6.803958
L1769,1,0,0.5,1,4.120020,4.690288
L1770,1,0,0.5,0,1.479070,4.651230
L1772,1,0,0.5,0,3.833918,4.961141
L1773,1,0,0.5,0,1.860392,3.686973
L1774,1,0,0.5,1,7.576141,5.525655
L1775,1,0,0.5,0,2.069799,5.262771
L1776,1,0,0.5,1,8.333325,6.402788
L1777,1,0,0.5,1,5.309688,7.183683
L1778,1,0,0.5,1,6.238406,6.088805
L1779,1,0,0.5,0,-1.196012,4.098256
L1780,1,0,0.5,1,7.258068,7.026987
L1781,1,0,0.5,0,2.656120,6.733745
L1784,1,0,0.5,1,4.078799,6.797058
L1785,1,0,0.5,1,4.320944,8.202447
L1786,1,0,0.5,1,7.177018,5.607181
L1787,1,0,0.5,0,-0.447487,3.365300
L1789,1,0,0.5,1,5.383577,7.783261
L1790,1,0,0.5,1,5.369569,7.098041
L1791,1,0,0.5,0,1.172146,6.599737
L1792,1,0,0.5,0,2.600637,5.984921
L1793,1,0,0.5,1,8.394559,7.621552
L1794,1,0,0.5,1,4.196451,6.145761
L1795,1,0,0.5,0,3.581666,2.588479
L1800,1,0,0.5,1,6.032084,5.245402
L1801,1,1,-0.5,0,2.171693,3.793091
L1802,1,1,-0.5,0,3.544485,2.173810
L1804,1,1,-0.5,1,3.093393,5.615847
L1805,1,1,-0.5,0,-0.851415,3.628350
L1806,1,1,-0.5,1,7.518712,5.855151
L1807,1,1,-0.5,1,5.654682,5.599833
L1808,1,1,-0.5,0,0.595972,3.707060
L1809,1,1,-0.5,1,5.721082,4.078074
L1811,1,1,-0.5,1,5.285370,5.017163
L1813,1,1,-0.5,1,5.026355,4.747404
L1814,1,1,-0.5,0,1.152863,2.967359
L1815,1,1,-0.5,1,7.276798,6.268595
L1816,1,1,-0.5,1,4.008430,5.786028
L1817,1,1,-0.5,0,1.565097,2.307511
L1818,1,1,-0.5,1,5.259982,4.320978
L1819,1,1,-0.5,1,4.210729,6.255888
L1821,1,1,-0.5,1,2.859453,7.295634
L1822,1,1,-0.5,1,9.271512,6.848185
L1823,1,1,-0.5,0,0.047182,5.656964
L1824,1,1,-0.5,1,7.053887,4.117765
L1826,1,1,-0.5,1,5.564845,6.836773
L1827,1,1,-0.5,1,6.605418,6.932282
L1828,1,1,-0.5,1,4.809411,6.827042
L1829,1,1,-0.5,1,3.287686,3.627430
L1830,1,1,-0.5,1,4.296803,5.944414
L1831,1,1,-0.5,0,0.683832,3.491404
L1832,1,1,-0.5,1,1.607027,4.379387
L1835,1,1,-0.5,0,-1.383384,2.530692
L1836,1,1,-0.5,1,5.556204,4.974544
L1837,1,1,-0.5,0,1.094486,4.728971
L1838,1,1,-0.5,1,5.917156,5.474162
L1839,1,1,-0.5,1,4.319143,5.170205
L1840,1,1,-0.5,1,6.649507,5.114703
L1841,1,1,-0.5,1,6.094983,3.916732
L1842,1,1,-0.5,0,0.303995,4.463083
L1843,1,1,-0.5,1,6.985434,5.553118
L1847,1,1,-0.5,1,6.656403,5.301077
L1848,1,1,-0.5,0,1.221941,3.200201
L1849,1,1,-0.5,1,4.871167,5.589551
L1850,1,1,-0.5,0,0.931282,3.881424
L1851,1,1,-0.5,1,1.903619,4.728292
L1852,1,1,-0.5,1,3.572808,6.471310
L1853,1,1,-0.5,0,2.380925,4.932989
L1854,1,1,-0.5,1,3.168604,4.994318
L1855,1,1,-0.5,0,3.533265,2.860968
L1856,1,1,-0.5,0,3.751928,5.259947
L1857,1,1,-0.5,1,6.878347,7.398771
L1859,1,1,-0.5,1,7.225998,5.508850
L1862,1,1,-0.5,0,3.539562,4.133791
L1863,1,1,-0.5,1,5.397092,4.899962
L1864,1,1,-0.5,0,-0.877611,4.029390
L1868,1,1,-0.5,0,0.069065,1.767734
L1869,1,1,-0.5,1,3.911776,5.927145
L1870,1,1,-0.5,0,-1.182812,3.902695
L1871,1,1,-0.5,1,6.304703,4.194436
L1872,1,1,-0.5,0,2.924945,3.737718
L1874,1,1,-0.5,1,6.430641,4.180536
L1875,1,1,-0.5,0,2.958620,2.996945
L1876,1,1,-0.5,0,-2.308660,3.249767
L1878,1,1,-0.5,1,3.760608,5.895966
L1879,1,1,-0.5,1,5.614647,5.880111
L1880,1,1,-0.5,1,4.934643,4.998500
L1881,1,1,-0.5,1,6.868022,4.556407
L1882,1,1,-0.5,0,-2.250230,3.122183
L1885,1,1,-0.5,1,5.786662,4.783140
L1886,1,1,-0.5,1,-0.148777,4.978046
L1888,1,1,-0.5,1,8.295380,6.041000
L1890,1,1,-0.5,1,4.076723,5.925141
L1891,1,1,-0.5,0,3.998862,2.280818
L1892,1,1,-0.5,0,0.733706,3.522013
L1893,1,1,-0.5,0,0.008044,2.645639
L1894,1,1,-0.5,0,-2.694621,2.579593
L1896,1,1,-0.5,1,3.118411,5.515829
L1897,1,1,-0.5,0,1.328128,4.258102
L1898,1,1,-0.5,0,-1.134677,2.641869
L1900,1,1,-0.5,1,8.208064,5.664561
L1901,1,1,-0.5,0,0.211039,3.261549
L1902,1,1,-0.5,1,3.779492,4.289492
L1903,1,1,-0.5,0,2.022154,5.842058
L1906,1,1,-0.5,0,3.382473,5.708846
L1907,1,1,-0.5,1,6.086718,6.189140
L1909,1,1,-0.5,0,0.899548,2.956316
L1911,1,1,-0.5,1,6.341627,5.060117
L1912,1,1,-0.5,0,6.937669,4.093472
L1913,1,1,-0.5,1,5.608669,4.912872
L1914,1,1,-0.5,1,7.040682,5.544021
L1915,1,1,-0.5,1,8.419092,5.257511
L1916,1,1,-0.5,0,2.404072,4.873966
L1917,1,1,-0.5,1,2.535249,6.364439
L1918,1,1,-0.5,0,-1.391255,2.766837
L1919,1,1,-0.5,0,-4.214754,4.104102
L1920,1,1,-0.5,1,2.354889,5.532524
L1921,1,1,-0.5,0,-0.834423,1.900003
L1923,1,1,-0.5,1,7.543958,4.646049
L1924,1,1,-0.5,0,0.475935,3.845918
L1925,1,1,-0.5,0,1.172084,3.644081
L1926,1,1,-0.5,1,3.157683,5.019275
L1927,1,1,-0.5,0,-0.084831,3.429581
L1929,1,1,-0.5,1,2.684646,7.132576
L1930,1,1,-0.5,0,2.903758,4.778143
L1931,1,1,-0.5,0,0.927724,2.382334
L1932,1,1,-0.5,0,1.395131,2.830748
L1933,1,1,-0.5,1,6.731533,5.590143
L1935,1,1,-0.5,1,7.958264,5.014180
L1936,1,1,-0.5,0,1.513942,3.289370
L1937,1,1,-0.5,1,4.480086,4.611524
L1938,1,1,-0.5,0,-1.020737,4.189201
L1940,1,1,-0.5,1,1.922789,5.278053
L1941,1,1,-0.5,0,4.325101,3.137311
L1942,1,1,-0.5,0,3.154223,5.742804
L1943,1,1,-0.5,1,6.716021,5.241211
L1944,1,1,-0.5,0,1.020018,2.145859
L1945,1,1,-0.5,0,4.633454,3.749750
L1947,1,1,-0.5,1,2.977866,3.570476
L1948,1,1,-0.5,0,0.482346,4.338994
L1951,1,1,-0.5,0,0.384617,2.144481
L1952,1,1,-0.5,1,1.255352,4.192294
L1953,1,1,-0.5,0,2.761946,3.356858
L1954,1,1,-0.5,1,5.602107,6.835148
L1955,1,1,-0.5,0,1.926938,2.569077
L1956,1,1,-0.5,1,5.817530,6.236259
L1958,1,1,-0.5,1,3.304719,5.510784
L1959,1,1,-0.5,0,0.076516,2.774827
L1960,1,1,-0.5,0,0.442549,2.281652
L1962,1,1,-0.5,0,-0.073366,2.710746
L1964,1,1,-0.5,1,5.146958,6.068299
L1965,1,1,-0.5,0,-0.237110,4.542905
L1966,1,1,-0.5,0,2.628903,5.577133
L1967,1,1,-0.5,1,5.764971,6.500488
L1968,1,1,-0.5,1,5.151754,5.384614
L1969,1,1,-0.5,0,1.634327,3.772939
L1970,1,1,-0.5,0,1.501364,2.516170
L1971,1,1,-0.5,0,-0.669696,2.495649
L1972,1,1,-0.5,0,-0.056244,3.766254
L1973,1,1,-0.5,0,-0.540838,2.279235
L1975,1,1,-0.5,1,9.060500,5.407842
L1976,1,1,-0.5,0,2.445219,4.504750
L1982,1,1,-0.5,1,4.375039,7.568646
L1984,1,1,-0.5,0,0.461081,3.897800
L1985,1,1,-0.5,0,-0.172839,4.616491
L1986,1,1,-0.5,0,-0.596409,3.676602
L1987,1,1,-0.5,1,6.238982,3.999860
L1989,1,1,-0.5,0,1.675509,2.438457
L1990,1,1,-0.5,1,6.239695,7.489816
L1991,1,1,-0.5,0,0.855758,3.097265
L1993,1,1,-0.5,1,7.479255,5.317840
L1994,1,1,-0.5,1,3.214972,4.449620
L1995,1,1,-0.5,1,3.201773,7.354930
L1996,1,1,-0.5,0,-0.896714,3.318848
L1997,1,1,-0.5,0,0.348866,4.711166
L1998,1,1,-0.5,0,1.907236,4.505049
L2001,1,1,-0.5,0,1.269910,2.489763
L2003,1,1,-0.5,1,7.666656,6.566570
L2005,1,1,-0.5,0,1.626633,2.899382
L2007,1,1,-0.5,1,0.315583,5.061540
L2009,1,1,-0.5,1,2.204095,6.511421
L2010,1,1,-0.5,0,1.327331,3.377777
L2011,1,1,-0.5,0,0.541676,3.617289
L2012,1,1,-0.5,1,2.759377,5.857772
L2013,1,1,-0.5,0,-0.569784,3.170728
L2014,1,1,-0.5,0,3.756131,2.987229
L2015,1,1,-0.5,0,1.323031,3.643927
L2017,1,1,-0.5,0,-1.512707,3.412552
L2020,1,1,-0.5,0,0.959559,5.131399
L2021,1,1,-0.5,1,2.076995,4.179502
L2022,1,1,-0.5,1,4.336459,4.816334
L2025,1,1,-0.5,0,4.461676,2.016824
L2026,1,1,-0.5,1,8.093592,5.145353
L2027,1,1,-0.5,1,0.083861,6.474908
L2028,1,1,-0.5,0,1.173340,4.278992
L2029,1,1,-0.5,1,4.741315,5.490644
L2030,1,1,-0.5,1,7.971134,4.778259
L2031,1,1,-0.5,1,3.807557,6.425213
L2032,1,1,-0.5,0,-1.430294,3.335697
L2033,1,1,-0.5,1,2.849022,4.030464
L2034,1,1,-0.5,0,-6.432990,6.314223
L2037,1,1,-0.5,1,6.856072,4.172719
L2038,1,1,-0.5,0,-2.195730,4.205084
L2039,1,1,-0.5,1,9.937262,5.646241
L2040,1,1,-0.5,1,6.646685,3.998599
L2041,1,1,-0.5,1,4.748460,5.332415
L2042,1,1,-0.5,0,-1.539803,2.861767
L2043,1,1,-0.5,1,6.542385,4.495573
L2044,1,1,-0.5,1,8.468950,4.572979
L2045,1,1,-0.5,0,-0.713219,4.602286
L2047,1,1,-0.5,1,1.877874,5.914504
L2048,1,1,-0.5,1,1.889073,5.780588
L2051,1,1,-0.5,1,6.238006,5.561833
L2053,1,1,-0.5,1,1.786857,6.414317
L2054,1,1,-0.5,1,7.589315,5.807213
L2055,1,1,-0.5,1,4.478321,3.850283
L2056,1,1,-0.5,0,2.015430,2.762840
L2057,1,1,-0.5,1,5.393515,6.279461
L2058,1,1,-0.5,0,-1.506315,3.817156
L2059,1,1,-0.5,1,5.230791,4.729138
L2061,1,1,-0.5,0,1.274962,3.485994
L2062,1,1,-0.5,1,5.399310,4.598194
L2063,1,1,-0.5,0,3.194535,1.666562
L2064,1,1,-0.5,0,0.258791,4.164908
L2066,1,1,-0.5,1,2.988243,5.744762
L2068,1,1,-0.5,0,0.417988,3.412179
L2069,1,1,-0.5,0,3.267542,4.834617
L2070,1,1,-0.5,0,0.645598,3.534346
L2072,1,1,-0.5,1,3.840112,4.211916
L2073,1,1,-0.5,1,8.497735,5.599134
L2076,1,1,-0.5,0,-0.153810,3.750289
L2077,1,1,-0.5,0,-0.592417,4.113313
L2078,1,1,-0.5,0,-0.425978,2.641924
L2079,1,1,-0.5,1,5.120761,5.838549
L2081,1,1,-0.5,0,1.934548,4.844285
L2082,1,1,-0.5,0,0.202077,3.416892
L2085,1,1,-0.5,0,3.358826,5.470994
L2086,1,1,-0.5,0,-2.485560,3.375551
L2088,1,1,-0.5,1,6.367445,6.310823
L2089,1,1,-0.5,1,5.303161,4.055505
L2090,1,1,-0.5,0,1.599780,3.928537
L2092,1,1,-0.5,0,1.366219,4.077229
L2093,1,1,-0.5,1,6.202794,5.769867
L2094,1,1,-0.5,0,0.811657,1.668678
L2095,1,1,-0.5,1,7.610461,5.737248
L2096,1,1,-0.5,1,7.322685,4.284042
L2097,1,1,-0.5,1,6.253718,3.510317
L2098,1,1,-0.5,0,2.388672,3.185113
L2099,1,1,-0.5,0,-1.875993,4.890496
L2100,1,1,-0.5,1,1.551835,5.225652
L2101,1,1,0.5,0,1.800321,6.296789
L2102,1,1,0.5,0,1.103624,5.469317
L2106,1,1,0.5,1,9.563162,7.898895
L2107,1,1,0.5,0,0.427202,5.426536
L2108,1,1,0.5,1,8.299119,5.487333
L2109,1,1,0.5,0,1.723306,4.282439
L2110,1,1,0.5,1,4.849949,7.527637
L2112,1,1,0.5,1,9.651988,7.132225
L2113,1,1,0.5,1,9.789688,7.955240
L2114,1,1,0.5,0,0.906561,4.849992
L2116,1,1,0.5,0,2.322046,6.098929
L2117,1,1,0.5,0,1.126218,5.212566
L2118,1,1,0.5,1,7.995393,6.702297
L2119,1,1,0.5,1,8.156251,6.755739
L2120,1,1,0.5,1,2.745958,4.434702
L2121,1,1,0.5,0,1.117525,6.471521
L2122,1,1,0.5,1,8.511716,6.048281
L2125,1,1,0.5,0,3.053388,4.595613
L2126,1,1,0.5,1,6.294087,7.722938
L2127,1,1,0.5,0,2.139889,5.033587
L2128,1,1,0.5,1,9.137528,6.440312
L2129,1,1,0.5,0,1.042553,3.852057
L2130,1,1,0.5,1,5.704396,6.414395
L2131,1,1,0.5,1,5.566851,4.798526
L2132,1,1,0.5,1,7.579445,7.603396
L2133,1,1,0.5,1,8.226371,5.729540
L2136,1,1,0.5,1,7.164461,5.721482
L2137,1,1,0.5,0,0.840339,6.202937
L2139,1,1,0.5,0,4.461414,3.370636
L2140,1,1,0.5,1,8.362578,6.300140
L2141,1,1,0.5,1,5.929837,6.012446
L2142,1,1,0.5,0,1.863813,3.809188
L2143,1,1,0.5,0,-3.091340,3.971219
L2144,1,1,0.5,1,4.536208,5.792385
L2145,1,1,0.5,1,6.498029,5.676185
L2146,1,1,0.5,0,1.915126,4.505453
L2147,1,1,0.5,1,6.318659,5.632312
L2149,1,1,0.5,1,5.603807,7.487808
L2150,1,1,0.5,1,7.954164,7.829830
L2151,1,1,0.5,1,6.308536,7.540437
L2153,1,1,0.5,0,3.993491,5.544727
L2154,1,1,0.5,0,5.495589,4.589091
L2155,1,1,0.5,0,-0.209779,4.612899
L2156,1,1,0.5,1,8.776879,4.730989
L2158,1,1,0.5,1,4.136296,6.002404
L2160,1,1,0.5,1,7.640099,7.142269
L2162,1,1,0.5,0,4.185268,4.357585
L2163,1,1,0.5,1,7.350424,5.446912
L2164,1,1,0.5,0,-0.413475,3.315958
L2166,1,1,0.5,0,-0.199729,3.677744
L2167,1,1,0.5,0,5.692793,5.165728
L2168,1,1,0.5,0,2.333800,4.945057
L2169,1,1,0.5,0,3.503033,4.277483
L2171,1,1,0.5,0,-1.127232,4.665639
L2172,1,1,0.5,0,1.600797,1.409077
L2173,1,1,0.5,1,5.971225,6.170892
L2176,1,1,0.5,0,0.927762,5.389766
L2177,1,1,0.5,1,4.270697,7.058996
L2178,1,1,0.5,0,-1.876226,4.066682
L2179,1,1,0.5,1,8.711304,7.424618
L2180,1,1,0.5,1,6.044087,6.069247
L2182,1,1,0.5,1,5.619305,7.410887
L2183,1,1,0.5,1,9.950978,8.525071
L2184,1,1,0.5,1,9.690658,6.314758
L2185,1,1,0.5,1,12.843493,7.742959
L2187,1,1,0.5,1,5.922142,7.099416
L2188,1,1,0.5,1,7.021194,6.426401
L2190,1,1,0.5,1,9.082277,6.071784
L2191,1,1,0.5,1,5.282157,7.408072
L2194,1,1,0.5,1,7.978176,6.670250
L2195,1,1,0.5,0,0.502420,3.714702
L2197,1,1,0.5,1,5.849376,5.252433
L2198,1,1,0.5,0,-0.220824,3.259910
L2199,1,1,0.5,1,7.854839,5.739090
L2201,1,1,0.5,1,4.310163,4.114713
L2202,1,1,0.5,1,7.545241,7.653628
L2204,1,1,0.5,1,8.015906,6.379539
L2205,1,1,0.5,0,0.301364,2.983528
L2206,1,1,0.5,0,3.968044,2.855225
L2207,1,1,0.5,1,5.461704,5.958049
L2208,1,1,0.5,0,2.650028,5.380360
L2209,1,1,0.5,0,-0.460053,3.787037
L2211,1,1,0.5,0,1.351777,5.320168
L2213,1,1,0.5,1,5.598376,6.331110
L2214,1,1,0.5,1,8.958112,7.268760
L2215,1,1,0.5,1,6.181267,7.587222
L2216,1,1,0.5,0,0.046647,4.217904
L2217,1,1,0.5,0,1.221902,5.582799
L2220,1,1,0.5,1,7.810952,4.482736
L2222,1,1,0.5,0,1.725015,4.740232
L2223,1,1,0.5,1,9.092605,6.827908
L2224,1,1,0.5,1,7.624664,6.029100
L2225,1,1,0.5,1,4.925083,6.536675
L2226,1,1,0.5,1,6.876638,4.290957
L2227,1,1,0.5,1,5.208917,7.463975
L2229,1,1,0.5,0,3.812265,3.891973
L2230,1,1,0.5,1,7.367807,7.375652
L2231,1,1,0.5,0,1.892497,3.886940
L2233,1,1,0.5,1,10.400754,6.549998
L2234,1,1,0.5,1,7.273911,6.416488
L2235,1,1,0.5,1,7.224402,5.317800
L2236,1,1,0.5,1,0.906370,5.426180
L2237,1,1,0.5,0,2.502996,3.712138
L2238,1,1,0.5,0,4.552706,5.671386
L2239,1,1,0.5,1,4.923189,7.302889
L2240,1,1,0.5,0,-1.084498,4.977698
L2241,1,1,0.5,0,-1.423885,3.418677
L2242,1,1,0.5,1,6.806697,7.146114
L2244,1,1,0.5,0,4.487012,4.543726
L2246,1,1,0.5,1,8.899877,7.432582
L2247,1,1,0.5,0,-0.681937,4.830566
L2248,1,1,0.5,1,10.291784,7.590495
L2250,1,1,0.5,1,8.251953,6.852126
L2251,1,1,0.5,1,7.880239,6.979431
L2252,1,1,0.5,0,-1.044256,5.110414
L2254,1,1,0.5,0,2.360090,4.661327
L2255,1,1,0.5,0,-0.883588,4.364463
L2256,1,1,0.5,1,8.225458,5.758766
L2257,1,1,0.5,0,0.209195,2.985172
L2258,1,1,0.5,1,6.335585,6.483343
L2260,1,1,0.5,1,6.251692,5.528172
L2261,1,1,0.5,0,0.996886,5.763547
L2263,1,1,0.5,1,2.659117,6.523278
L2264,1,1,0.5,0,2.143079,4.904656
L2265,1,1,0.5,0,4.647483,4.484374
L2267,1,1,0.5,1,8.393828,6.527568
L2268,1,1,0.5,1,10.464735,3.214867
L2269,1,1,0.5,1,6.287966,8.137810
L2270,1,1,0.5,1,11.625860,7.528753
L2271,1,1,0.5,0,0.618758,3.943743
L2274,1,1,0.5,0,3.566555,4.866576
L2275,1,1,0.5,0,-0.661629,3.866350
L2277,1,1,0.5,0,-0.216611,5.929159
L2278,1,1,0.5,0,4.471836,5.291073
L2279,1,1,0.5,1,8.583850,6.289758
L2280,1,1,0.5,1,7.149315,8.979819
L2281,1,1,0.5,0,2.129841,4.907896
L2282,1,1,0.5,0,-0.887409,4.417033
L2283,1,1,0.5,1,9.130671,6.906813
L2285,1,1,0.5,0,2.219700,3.812934
L2287,1,1,0.5,0,4.133131,5.148668
L2288,1,1,0.5,1,6.402037,8.190094
L2289,1,1,0.5,0,-0.512953,3.878016
L2290,1,1,0.5,0,1.703135,3.647950
L2291,1,1,0.5,0,0.543760,5.997718
L2294,1,1,0.5,1,4.832368,8.409695
L2295,1,1,0.5,1,7.304008,7.725342
L2296,1,1,0.5,0,2.641064,4.554125
L2297,1,1,0.5,0,0.793226,4.182266
L2298,1,1,0.5,1,6.497724,6.459672
L2299,1,1,0.5,0,4.087478,4.549439
L2300,1,1,0.5,0,-1.589497,5.494996
L2301,1,1,0.5,0,2.398073,3.536148
L2303,1,1,0.5,0,1.817570,5.486085
L2304,1,1,0.5,1,4.252163,7.877298
L2305,1,1,0.5,1,7.255335,7.312987
L2306,1,1,0.5,0,3.657853,4.692039
L2308,1,1,0.5,0,3.819273,5.687089
L2309,1,1,0.5,1,8.167697,5.513613
L2310,1,1,0.5,0,2.539449,2.896027
L2311,1,1,0.5,1,7.110512,6.583794
L2315,1,1,0.5,0,-0.096779,3.726729
L2316,1,1,0.5,0,-1.027136,3.949341
L2317,1,1,0.5,1,6.148017,5.621119
L2318,1,1,0.5,1,3.578939,6.750863
L2319,1,1,0.5,0,5.879397,5.257570
L2320,1,1,0.5,0,0.461527,3.523755
L2321,1,1,0.5,1,9.730595,6.664326
L2325,1,1,0.5,0,2.307097,5.628421
L2327,1,1,0.5,0,4.957891,4.953029
L2329,1,1,0.5,1,3.990871,7.230026
L2333,1,1,0.5,1,7.409797,6.898177
L2334,1,1,0.5,1,7.206410,6.581758
L2335,1,1,0.5,0,-0.288709,2.449483
L2336,1,1,0.5,0,4.739786,5.820140
L2337,1,1,0.5,0,-1.666972,4.781501
L2338,1,1,0.5,0,0.995227,4.667574
L2339,1,1,0.5,1,7.515030,5.782858
L2340,1,1,0.5,0,1.531689,3.588707
L2341,1,1,0.5,0,-1.313275,5.079039
L2342,1,1,0.5,0,2.816630,4.124839
L2343,1,1,0.5,1,6.685822,6.100248
L2345,1,1,0.5,1,6.560356,9.050989
L2346,1,1,0.5,1,6.437142,7.513199
L2347,1,1,0.5,1,8.583183,8.377325
L2350,1,1,0.5,1,6.035259,6.111203
L2351,1,1,0.5,0,1.612841,4.629869
L2352,1,1,0.5,1,7.379862,6.650614
L2354,1,1,0.5,1,3.567751,5.381193
L2355,1,1,0.5,0,-1.091468,4.547853
L2356,1,1,0.5,1,5.999674,7.504883
L2357,1,1,0.5,1,10.406200,7.950505
L2358,1,1,0.5,0,4.349621,4.642915
L2360,1,1,0.5,0,-0.764309,5.672886
L2361,1,1,0.5,0,0.295954,5.927480
L2362,1,1,0.5,1,2.251301,8.002577
L2363,1,1,0.5,1,6.658987,7.407388
L2365,1,1,0.5,0,3.962117,5.006934
L2366,1,1,0.5,1,9.284779,6.932921
L2368,1,1,0.5,0,0.153463,4.428580
L2369,1,1,0.5,1,4.784522,5.093798
L2371,1,1,0.5,0,1.843198,3.822029
L2373,1,1,0.5,0,4.407868,4.945568
L2374,1,1,0.5,1,6.965629,4.998045
L2375,1,1,0.5,0,3.520411,3.589221
L2376,1,1,0.5,0,0.076279,4.342223
L2377,1,1,0.5,1,9.127918,4.539889
L2378,1,1,0.5,0,5.677427,4.426255
L2380,1,1,0.5,1,4.325053,5.876043
L2381,1,1,0.5,0,2.508744,5.347153
L2383,1,1,0.5,0,0.107349,5.270959
L2384,1,1,0.5,1,7.280239,5.219311
L2385,1,1,0.5,1,8.645766,5.573113
L2386,1,1,0.5,1,4.879418,7.062380
L2387,1,1,0.5,0,1.271993,3.778425
L2388,1,1,0.5,1,3.236145,6.822257
L2389,1,1,0.5,1,8.703155,7.050796
L2390,1,1,0.5,1,6.106064,6.111000
L2391,1,1,0.5,1,9.905787,5.532511
L2392,1,1,0.5,1,3.820059,6.498648
L2394,1,1,0.5,1,9.069932,6.490601
L2396,1,1,0.5,0,2.381377,4.122087
L2397,1,1,0.5,1,6.760320,5.260340
L2398,1,1,0.5,1,3.685439,6.806992
L2400,1,1,0.5,1,6.635143,5.822849
